id,first_name,last_name,email,ip_address,state,long,lat
1,Sibella,Arling,sarling0@mlb.com,120.248.174.79,Virginia,-77.1395,38.8836
2,Currie,Ansley,cansley1@joomla.org,200.253.184.141,Washington,-122.5212,45.6644
3,Maureen,Escale,mescale2@apache.org,94.206.46.219,District of Columbia,-77.0251,38.8941
4,Richy,Varnals,rvarnals3@google.pl,160.222.47.139,Iowa,-93.6736,41.6255
5,Ulrika,Whittuck,uwhittuck4@flavors.me,33.95.79.233,Missouri,-92.2493,38.5309
6,Henry,Blanchard,hblanchard5@posterous.com,157.114.8.56,California,-117.8662,33.7465
7,Esther,Marcham,emarcham6@jimdo.com,254.36.223.119,Oregon,-122.8276,45.5483
8,Kory,McGiff,kmcgiff7@people.com.cn,93.92.127.121,Alabama,-86.2085,32.2334
9,Heda,Lambourne,hlambourne8@un.org,178.198.77.176,Arizona,-112.1872,33.2765
10,Isis,Monkton,imonkton9@dion.ne.jp,38.138.82.105,Michigan,-85.6309,43.012
11,Irving,Tumasian,itumasiana@mashable.com,72.166.234.187,California,-118.1551,34.1669
12,Leeanne,Sowley,lsowleyb@stanford.edu,3.124.117.21,District of Columbia,-77.0146,38.8933
13,Terrel,Lazar,tlazarc@dedecms.com,152.59.186.219,New Jersey,-74.1695,40.7664
14,Merrilee,Ayling,maylingd@netscape.com,32.179.97.137,Washington,-122.1132,47.0662
15,Francklyn,Aberdein,faberdeine@studiopress.com,158.18.218.2,Virginia,-76.0171,36.9216
16,Maxy,Klisch,mklischf@amazonaws.com,118.152.77.170,Texas,-98.4616,29.4375
17,Waiter,Minchinton,wminchintong@xing.com,5.21.8.163,Nebraska,-96.6045,40.9317
18,Clea,Ditchburn,cditchburnh@chron.com,233.207.239.242,Indiana,-87.3255,39.5327
19,Berni,Casado,bcasadoi@google.de,139.210.238.155,Indiana,-86.0005,39.7265
20,Monro,Morcom,mmorcomj@netvibes.com,225.63.100.30,Arizona,-112.1872,33.2765
21,Vincenz,Pickworth,vpickworthk@topsy.com,206.97.70.124,Kansas,-97.2613,37.6379
22,Scarlet,Andres,sandresl@gnu.org,78.192.248.248,North Dakota,-97.3944,47.9335
23,Angel,Ferretti,aferrettim@ocn.ne.jp,38.197.224.52,Indiana,-87.6604,37.929
24,Dennis,Goudard,dgoudardn@mashable.com,158.190.22.40,Virginia,-78.4924,38.0339
25,Asa,Brunnen,abrunneno@imageshack.us,210.88.153.161,New York,-73.7966,40.6763
26,Dorrie,Petras,dpetrasp@sphinn.com,103.119.75.99,New York,-73.8253,42.6853
27,Merwin,Divisek,mdivisekq@printfriendly.com,249.67.100.57,California,-121.9215,37.6802
28,Nye,Euels,neuelsr@e-recht24.de,63.204.177.166,Texas,-96.341,30.6521
29,Gregoor,Matuszinski,gmatuszinskis@businesswire.com,81.206.161.205,Delaware,-75.597,39.5645
30,Livvie,Matterdace,lmatterdacet@godaddy.com,16.95.68.188,Illinois,-88.2971,41.7582
31,Morse,Pymm,mpymmu@cdc.gov,181.185.97.93,California,-116.0556,33.7529
32,Natasha,Hedderly,nhedderlyv@uol.com.br,184.141.139.208,Texas,-95.447,30.0167
33,Miranda,Doxey,mdoxeyw@engadget.com,127.186.174.253,Mississippi,-89.0684,30.4158
34,Novelia,Windous,nwindousx@live.com,72.219.114.111,Michigan,-84.5244,42.7371
35,Stevana,Clynman,sclynmany@imgur.com,48.56.127.37,North Carolina,-80.7387,35.244
36,Evonne,Mughal,emughalz@cbsnews.com,160.147.22.243,Colorado,-104.4083,39.7388
37,Yance,Hlavecek,yhlavecek10@drupal.org,172.63.241.183,California,-118.2987,33.7866
38,Derrik,Edson,dedson11@epa.gov,255.122.10.21,Florida,-80.6862,28.3067
39,Raimund,Easterling,reasterling12@networkadvertising.org,217.188.118.216,California,-121.8916,37.3329
40,Dorothea,Perigo,dperigo13@bbc.co.uk,235.192.124.12,California,-116.846,33.0169
41,Christan,Stonelake,cstonelake14@cocolog-nifty.com,167.236.30.59,Texas,-106.3,31.6948
42,Kenny,Richarz,kricharz15@google.com.hk,128.199.220.118,Illinois,-87.6873,41.8119
43,Haily,Lagde,hlagde16@cdbaby.com,39.14.234.56,Florida,-80.4582,25.5584
44,Marena,Dominiak,mdominiak17@dyndns.org,12.153.132.155,Pennsylvania,-75.3928,40.6278
45,Gunner,Bodell,gbodell18@businessinsider.com,76.8.36.219,Washington,-122.5203,45.8016
46,Skelly,Garrison,sgarrison19@friendfeed.com,47.186.123.227,Virginia,-77.1073,38.7192
47,Simone,Strickler,sstrickler1a@symantec.com,235.174.18.12,California,-118.9052,35.2944
48,Jesse,Wreiford,jwreiford1b@nifty.com,131.239.212.205,California,-115.9671,34.84
49,Hervey,Wadforth,hwadforth1c@mediafire.com,183.162.140.50,Illinois,-88.1208,41.9166
50,Austen,Devenport,adevenport1d@tinyurl.com,59.124.79.186,Florida,-80.4582,25.5584
51,Melly,Gigg,mgigg1e@topsy.com,144.57.51.21,Hawaii,-157.8585,21.3062
52,Alastair,Comford,acomford1f@yale.edu,107.231.57.209,California,-121.5053,38.6157
53,Magda,Arter,marter1g@aboutads.info,108.215.9.16,Illinois,-89.7184,40.7442
54,Donnell,Shattock,dshattock1h@economist.com,169.63.24.130,Pennsylvania,-75.7481,39.9832
55,Baryram,Matusiak,bmatusiak1i@dailymotion.com,111.139.119.139,New York,-78.8871,42.7684
56,Morissa,Arents,marents1j@reverbnation.com,194.62.172.203,Michigan,-84.5517,42.7286
57,Che,Ormshaw,cormshaw1k@craigslist.org,137.129.24.231,Pennsylvania,-80.0248,40.4344
58,Nomi,Prettyman,nprettyman1l@arizona.edu,186.31.165.58,Louisiana,-93.7526,32.6076
59,Saundra,Akid,sakid1m@usgs.gov,94.172.69.77,California,-121.0191,37.6566
60,Guillaume,Veryan,gveryan1n@icq.com,225.7.225.174,Pennsylvania,-75.0244,40.0422
61,Shina,Patershall,spatershall1o@springer.com,173.50.132.107,Florida,-82.6358,27.4544
62,Adler,Joost,ajoost1p@furl.net,182.134.240.178,Colorado,-104.4083,39.7388
63,Jamie,McVeighty,jmcveighty1q@myspace.com,248.60.189.15,Washington,-122.3048,47.6564
64,Allissa,Road,aroad1r@cocolog-nifty.com,208.53.96.249,Texas,-98.6688,29.5054
65,Johnath,McAirt,jmcairt1s@youtu.be,84.204.95.82,District of Columbia,-77.0146,38.8933
66,Robena,Robuchon,rrobuchon1t@narod.ru,198.147.16.148,Oklahoma,-97.5257,35.5704
67,Konstanze,Keyes,kkeyes1u@unc.edu,78.10.131.86,Virginia,-77.2888,38.8318
68,Aldus,Earp,aearp1v@printfriendly.com,239.247.210.38,New York,-73.7605,42.6568
69,Estele,Entwisle,eentwisle1w@phpbb.com,180.179.97.183,Virginia,-77.113,38.8808
70,Lesly,Chomley,lchomley1x@fc2.com,69.147.214.178,Alabama,-86.9292,33.5446
71,Harlen,Delgadillo,hdelgadillo1y@bloomberg.com,237.141.49.59,Florida,-82.4388,27.872
72,Hewie,Gealy,hgealy1z@1688.com,24.185.11.14,Indiana,-86.3029,39.7038
73,Basil,Ninotti,bninotti20@eventbrite.com,29.238.242.88,Arizona,-110.9466,32.4142
74,Dannel,Janacek,djanacek21@rediff.com,127.167.34.194,Nevada,-115.0669,36.173
75,Ediva,Farnall,efarnall22@washingtonpost.com,82.124.185.98,Nevada,-114.9721,35.9279
76,Alphonso,Codlin,acodlin23@blogger.com,230.183.253.162,Florida,-81.6854,30.3189
77,Coralie,Djuricic,cdjuricic24@xrea.com,249.203.178.17,California,-118.2987,33.7866
78,Nyssa,Healeas,nhealeas25@nhs.uk,2.213.178.249,California,-117.7645,33.6706
79,Evie,Silbermann,esilbermann26@mapquest.com,32.165.219.242,Illinois,-87.6873,41.8119
80,Ivy,Bolmann,ibolmann27@diigo.com,123.131.248.210,Texas,-95.26,29.6223
81,Larina,Dossetter,ldossetter28@state.gov,126.239.241.115,Kansas,-95.7697,39.0429
82,Greggory,Spurryer,gspurryer29@linkedin.com,213.62.40.106,Illinois,-87.6873,41.8119
83,Rasia,Clearie,rclearie2a@reference.com,175.113.135.46,Kansas,-97.2936,37.7194
84,Talya,Heffernon,theffernon2b@census.gov,112.238.153.52,Delaware,-75.597,39.5645
85,Frederigo,Sinkins,fsinkins2c@cbslocal.com,234.255.66.40,Mississippi,-88.6783,32.4401
86,Gerry,Bromige,gbromige2d@shutterfly.com,73.227.33.139,California,-118.348,34.1869
87,Murial,Brennans,mbrennans2e@dropbox.com,224.56.228.120,New York,-73.9398,42.8161
88,Morse,Dominique,mdominique2f@sciencedaily.com,126.236.242.150,Connecticut,-72.9271,41.3087
89,Lexy,Linn,llinn2g@de.vu,46.229.132.46,North Carolina,-80.0244,36.0807
90,Timothea,Ziehm,tziehm2h@t-online.de,119.30.59.222,Ohio,-84.0856,39.739
91,Amery,Nutkin,anutkin2i@nbcnews.com,71.130.17.11,District of Columbia,-77.0146,38.8933
92,Axe,Kear,akear2j@bbb.org,85.144.88.180,Ohio,-81.4169,40.7911
93,Deanne,Jennens,djennens2k@github.com,146.227.57.168,Florida,-81.7065,26.5228
94,Abdel,Cranmere,acranmere2l@vkontakte.ru,127.46.205.177,Florida,-82.7248,27.8918
95,Sammy,Atwell,satwell2m@de.vu,174.154.59.59,Texas,-96.9177,32.69
96,Lilias,Durman,ldurman2n@ovh.net,93.112.206.227,Texas,-95.4342,29.834
97,Mozes,Stenning,mstenning2o@tripadvisor.com,67.229.136.183,California,-117.7919,33.754
98,Leoine,Oherlihy,loherlihy2p@alexa.com,115.135.66.91,Georgia,-84.4702,33.723
99,Gilly,McCaughey,gmccaughey2q@nih.gov,248.213.220.204,Florida,-82.7545,27.8546
100,Loralee,Stoyell,lstoyell2r@meetup.com,236.48.1.252,Pennsylvania,-76.2976,40.0185
101,Morganne,Scimone,mscimone2s@e-recht24.de,153.41.218.213,Montana,-108.1945,45.9783
102,Lolita,Hegg,lhegg2t@over-blog.com,185.194.95.3,Texas,-97.2915,32.7714
103,Lucine,Nethercott,lnethercott2u@smh.com.au,251.238.157.203,Connecticut,-73.3637,41.3089
104,Theresa,Sacco,tsacco2v@vistaprint.com,36.215.142.178,District of Columbia,-77.0452,38.892
105,Romola,Benoit,rbenoit2w@constantcontact.com,1.142.209.211,Pennsylvania,-75.9328,40.3886
106,Levin,Haines,lhaines2x@theatlantic.com,11.248.247.233,New York,-73.9828,40.6669
107,Marcos,Cosford,mcosford2y@yellowbook.com,197.216.113.229,Texas,-106.3,31.6948
108,Brynne,Jeppe,bjeppe2z@noaa.gov,40.106.187.6,Michigan,-84.0926,43.3869
109,Maudie,Redmire,mredmire30@narod.ru,220.110.215.241,Texas,-96.7776,32.7673
110,Alvy,Sifflett,asifflett31@fda.gov,49.157.124.103,District of Columbia,-77.0146,38.8933
111,Crosby,Dighton,cdighton32@engadget.com,236.17.4.190,California,-118.2987,33.7866
112,Norbert,Farmer,nfarmer33@quantcast.com,14.162.218.160,Ohio,-84.5757,39.441
113,Linzy,Cox,lcox34@blogs.com,218.183.27.225,District of Columbia,-77.0146,38.8933
114,Arly,Koba,akoba35@theatlantic.com,171.70.209.88,Alaska,-149.8289,61.1535
115,Heriberto,Carverhill,hcarverhill36@blogtalkradio.com,106.11.161.28,Kentucky,-85.6245,38.2149
116,Fairlie,Norquoy,fnorquoy37@ucoz.ru,204.79.41.249,Indiana,-86.2433,41.6255
117,Hazel,Ingliby,hingliby38@blogs.com,73.152.65.142,Florida,-87.2758,30.6143
118,Twyla,Casiero,tcasiero39@yelp.com,139.210.223.3,Florida,-80.2714,25.768
119,Dan,Fittis,dfittis3a@sphinn.com,207.168.227.12,Florida,-80.5726,27.709
120,Rozanne,Droghan,rdroghan3b@privacy.gov.au,130.92.111.144,Connecticut,-72.9275,41.3657
121,Ellswerth,Usherwood,eusherwood3c@kickstarter.com,137.187.79.114,Tennessee,-89.9921,35.0664
122,Cordell,Bligh,cbligh3d@ox.ac.uk,22.118.181.33,District of Columbia,-77.0146,38.8933
123,Harlin,Williscroft,hwilliscroft3e@issuu.com,3.163.193.0,California,-118.3865,34.1872
124,Morty,Skellen,mskellen3f@google.de,254.139.175.190,Florida,-82.3063,28.2059
125,Ethelda,De Gowe,edegowe3g@sina.com.cn,90.144.214.217,Texas,-96.8314,33.0005
126,Matthiew,Banstead,mbanstead3h@globo.com,250.107.214.244,District of Columbia,-77.0146,38.8933
127,Sherill,Hamlet,shamlet3i@bbb.org,43.249.24.209,Oregon,-122.5973,45.484
128,Conrad,George,cgeorge3j@newyorker.com,60.105.46.175,Pennsylvania,-75.1262,39.9788
129,Field,Pratton,fpratton3k@nymag.com,203.65.199.99,Indiana,-87.5256,38.1071
130,Timothy,Surfleet,tsurfleet3l@theguardian.com,250.17.125.147,District of Columbia,-77.0221,38.884
131,Melinde,Waleworke,mwaleworke3m@ifeng.com,12.228.75.116,Indiana,-87.6604,37.929
132,Keslie,Lashmar,klashmar3n@github.io,63.220.39.157,North Carolina,-82.4918,35.6004
133,Jan,Threadgould,jthreadgould3o@prweb.com,150.102.255.79,Missouri,-90.4504,38.6171
134,Carlin,Weight,cweight3p@yolasite.com,53.214.198.117,Alabama,-86.2434,32.3834
135,Sidney,Dincey,sdincey3q@phoca.cz,131.171.18.145,Kansas,-95.7697,39.0429
136,Heddie,Benettelli,hbenettelli3r@barnesandnoble.com,137.36.131.6,Florida,-82.3539,29.6813
137,Astra,Todari,atodari3s@reddit.com,18.97.59.115,Indiana,-85.0707,41.0938
138,Ellynn,Humbie,ehumbie3t@wikipedia.org,154.169.52.168,New York,-77.6843,43.286
139,Michele,Cryer,mcryer3u@hc360.com,143.168.226.37,Florida,-80.2714,25.768
140,Emmie,Strelitzki,estrelitzki3v@intel.com,40.232.3.13,California,-121.6703,36.7563
141,Moe,Goodlud,mgoodlud3w@facebook.com,31.120.178.123,Tennessee,-86.869,36.1114
142,Mirelle,Swayne,mswayne3x@vimeo.com,121.130.219.241,Texas,-95.4342,29.834
143,Alyce,Gummer,agummer3y@printfriendly.com,28.41.113.11,South Carolina,-79.8577,32.8488
144,Lucilia,Gianiello,lgianiello3z@nbcnews.com,46.112.246.174,New York,-73.9772,40.7808
145,Sandro,Kikke,skikke40@shop-pro.jp,23.92.23.162,Alaska,-146.276,64.8561
146,Hermy,Blaver,hblaver41@businessinsider.com,220.158.233.24,Delaware,-75.597,39.5645
147,Yovonnda,Boothman,yboothman42@cam.ac.uk,247.232.89.125,Oklahoma,-95.7923,36.1499
148,Aguie,Staddon,astaddon43@xing.com,7.48.18.65,California,-118.2325,33.8193
149,Vivyanne,Illston,villston44@mozilla.com,44.56.57.48,Texas,-95.4342,29.834
150,Aili,Jedrzejczak,ajedrzejczak45@paginegialle.it,100.126.77.148,Iowa,-93.5722,41.6727
151,Clay,Traut,ctraut46@dagondesign.com,20.48.106.40,Illinois,-89.606,39.7495
152,Emmeline,Banger,ebanger47@sciencedirect.com,175.45.198.147,Minnesota,-93.302,45.0242
153,Dari,Shepherdson,dshepherdson48@hp.com,169.233.193.189,Arizona,-112.1872,33.2765
154,Fredrick,Vasilchenko,fvasilchenko49@zdnet.com,87.236.176.98,Ohio,-82.4613,40.7779
155,Horten,Harverson,hharverson4a@oakley.com,214.56.48.213,Florida,-80.6246,25.2846
156,Pepito,Hundall,phundall4b@buzzfeed.com,108.231.69.171,Alabama,-86.7046,33.3813
157,Maiga,Scotchmoor,mscotchmoor4c@yelp.com,223.158.218.50,New York,-77.6843,43.286
158,Waylon,Argue,wargue4d@narod.ru,158.162.173.36,Virginia,-77.4959,37.625
159,Layne,Geldart,lgeldart4e@examiner.com,22.151.139.244,California,-121.2624,37.9625
160,Sal,Teare,steare4f@360.cn,88.126.28.239,Ohio,-83.5573,41.6767
161,Lanni,Bobasch,lbobasch4g@jiathis.com,239.197.105.108,Ohio,-84.6108,39.1092
162,Katheryn,Swinden,kswinden4h@house.gov,32.213.52.169,Pennsylvania,-75.1179,40.0018
163,Charity,McCullen,cmccullen4i@accuweather.com,48.57.231.169,District of Columbia,-77.0177,38.896
164,Maximo,Salter,msalter4j@addthis.com,169.113.60.164,Florida,-80.3483,25.5593
165,Petronella,Genever,pgenever4k@bigcartel.com,186.169.177.54,Texas,-106.3,31.6948
166,Blondell,Grishelyov,bgrishelyov4l@upenn.edu,4.144.92.167,Kentucky,-84.4583,38.0612
167,Nissy,Balnaves,nbalnaves4m@prweb.com,2.107.51.7,Florida,-82.7125,27.8402
168,Georgi,Bampkin,gbampkin4n@walmart.com,178.236.143.34,Virginia,-79.9579,37.2742
169,Friedrich,Tather,ftather4o@census.gov,106.97.92.245,Kentucky,-85.6245,38.2149
170,Job,Sumpner,jsumpner4p@china.com.cn,126.244.210.188,New York,-76.1452,43.0123
171,Dawn,Huckel,dhuckel4q@accuweather.com,224.253.161.203,Maryland,-76.6205,39.2847
172,Carrissa,Falconer,cfalconer4r@wisc.edu,227.128.249.193,Florida,-82.7248,27.8918
173,Jacki,Mawhinney,jmawhinney4s@tripadvisor.com,67.146.10.69,Alabama,-86.9292,33.5446
174,Quincy,Beddo,qbeddo4t@sbwire.com,44.245.211.11,Pennsylvania,-80.0248,40.4344
175,Esme,Scotts,escotts4u@berkeley.edu,174.143.84.224,New York,-76.8397,42.0869
176,Allina,Lear,alear4v@newyorker.com,152.148.53.168,Kansas,-95.7697,39.0429
177,Sayres,Richings,srichings4w@nifty.com,229.203.105.164,Texas,-97.4271,27.7762
178,Hurlee,Dohr,hdohr4x@goo.gl,235.218.173.163,District of Columbia,-77.0364,38.945
179,Susette,Vallow,svallow4y@mtv.com,139.236.203.41,Oregon,-122.8276,45.5483
180,Fraser,Giannini,fgiannini4z@wunderground.com,206.222.7.105,Pennsylvania,-80.0649,42.1827
181,Felipe,Tudball,ftudball50@google.nl,0.174.60.122,Ohio,-84.4179,39.0706
182,Ellary,Drakes,edrakes51@unesco.org,214.98.136.65,California,-121.8601,37.2187
183,Kiel,Ateridge,kateridge52@washingtonpost.com,114.2.40.108,Nevada,-119.8225,39.5387
184,Fredi,Coviello,fcoviello53@marriott.com,187.86.237.146,Alabama,-86.2085,32.2334
185,Tab,Vasyanin,tvasyanin54@tamu.edu,151.204.179.110,Virginia,-77.113,38.8808
186,Nickey,Grahamslaw,ngrahamslaw55@vk.com,233.149.222.196,Minnesota,-93.3021,45.1907
187,Claudius,Burvill,cburvill56@whitehouse.gov,78.21.74.114,Michigan,-83.7001,43.0634
188,Nappy,Birdsey,nbirdsey57@google.pl,187.88.219.88,Indiana,-85.0707,41.0938
189,Ransell,Vorley,rvorley58@accuweather.com,167.186.215.85,Oklahoma,-97.4075,35.5514
190,Ximenes,Pothecary,xpothecary59@typepad.com,178.21.245.149,Ohio,-80.6931,41.0704
191,Sloan,Cocklin,scocklin5a@cisco.com,16.56.34.105,New Jersey,-74.2452,40.7918
192,Saudra,Giovanardi,sgiovanardi5b@qq.com,78.56.16.169,Louisiana,-91.0596,30.4558
193,Cyril,Figgures,cfiggures5c@github.com,61.167.81.183,Colorado,-104.4083,39.7388
194,Randolf,Goretti,rgoretti5d@moonfruit.com,243.83.168.69,Texas,-98.4616,29.4375
195,Desmund,Godman,dgodman5e@myspace.com,1.211.146.230,Florida,-81.2571,28.5469
196,Shawn,Blakden,sblakden5f@privacy.gov.au,21.155.169.74,District of Columbia,-77.0146,38.8933
197,Stormi,Vouls,svouls5g@unblog.fr,98.127.234.193,Hawaii,-157.8585,21.3062
198,Ingaborg,Bolland,ibolland5h@ameblo.jp,2.152.11.247,Florida,-82.3063,28.2059
199,Aron,Causbey,acausbey5i@1und1.de,226.243.10.176,Utah,-111.9083,40.6681
200,Annemarie,Water,awater5j@google.com.br,100.242.127.131,Arizona,-111.7236,33.4226
201,Doreen,McGarva,dmcgarva5k@youtube.com,254.17.96.226,Illinois,-87.6873,41.8119
202,Anthony,Wilcockes,awilcockes5l@list-manage.com,29.228.253.167,Kentucky,-85.6768,38.189
203,Berne,Brackenbury,bbrackenbury5m@hibu.com,201.252.86.234,Oregon,-122.8276,45.5483
204,Nerte,Edes,nedes5n@360.cn,228.162.91.191,North Carolina,-80.8042,35.26
205,Alix,Gegg,agegg5o@alibaba.com,116.81.187.220,Georgia,-82.091,33.386
206,Garold,Tideswell,gtideswell5p@google.de,23.236.126.38,Utah,-111.6627,40.7286
207,Zarah,Triebner,ztriebner5q@oaic.gov.au,177.204.43.6,Texas,-95.3981,29.9335
208,Britta,Godlonton,bgodlonton5r@earthlink.net,1.107.109.126,Iowa,-93.5722,41.6727
209,Borden,Simmill,bsimmill5s@hhs.gov,77.224.98.183,Hawaii,-157.8795,21.351
210,Lezlie,Meredith,lmeredith5t@wp.com,6.156.126.1,Tennessee,-86.8219,36.0986
211,Benji,Gonzales,bgonzales5u@businesswire.com,105.245.35.82,Indiana,-86.1924,39.7509
212,Dorella,Buckerfield,dbuckerfield5v@de.vu,76.69.180.133,Kentucky,-85.7847,38.1913
213,Reynolds,McFie,rmcfie5w@indiatimes.com,27.195.61.241,Illinois,-88.953,40.4614
214,Nita,Leyshon,nleyshon5x@examiner.com,110.87.0.101,California,-121.2624,37.9625
215,Cassi,Westberg,cwestberg5y@ftc.gov,138.197.113.39,Massachusetts,-71.083,42.362
216,Hulda,Valett,hvalett5z@odnoklassniki.ru,76.227.15.81,New York,-73.9894,40.7506
217,Susette,Nutley,snutley60@fema.gov,93.167.32.112,Texas,-97.7648,30.2907
218,Ned,Lighton,nlighton61@hostgator.com,50.10.90.29,Mississippi,-89.0684,30.4158
219,Valeda,Stains,vstains62@columbia.edu,217.156.98.5,Wisconsin,-89.4239,43.0696
220,Audry,Amor,aamor63@creativecommons.org,157.41.61.138,California,-119.6397,36.7464
221,Shandeigh,Behning,sbehning64@wired.com,97.146.56.167,Nevada,-114.9721,35.9279
222,Jacki,Dellenbrok,jdellenbrok65@facebook.com,93.0.4.187,Massachusetts,-70.9196,42.3389
223,Cristy,Deares,cdeares66@themeforest.net,123.242.244.189,Texas,-94.7767,32.5547
224,Heidi,Bottomer,hbottomer67@mapquest.com,75.93.201.213,Kansas,-94.7143,38.9273
225,Susanna,Sefton,ssefton68@ovh.net,93.150.249.175,Wisconsin,-89.3242,43.0982
226,Roma,Oaks,roaks69@geocities.com,106.241.186.112,Louisiana,-89.8826,30.033
227,Bekki,Petrishchev,bpetrishchev6a@etsy.com,35.60.58.171,Missouri,-90.4504,38.6171
228,Fina,Hamshar,fhamshar6b@fc2.com,27.144.219.120,California,-121.9011,37.31
229,Fonsie,Northleigh,fnorthleigh6c@redcross.org,243.254.210.111,Georgia,-84.1532,34.0047
230,Felecia,Thaine,fthaine6d@deviantart.com,125.124.137.194,Colorado,-104.5523,38.1286
231,Brice,Arnaudin,barnaudin6e@senate.gov,152.2.233.226,Indiana,-86.1606,39.7673
232,Harlan,Colquitt,hcolquitt6f@photobucket.com,98.236.82.202,California,-117.474,33.7541
233,Fidel,Moore,fmoore6g@wp.com,135.227.57.4,District of Columbia,-77.0146,38.8933
234,Del,Casebourne,dcasebourne6h@homestead.com,200.209.250.127,Florida,-80.2725,25.8594
235,Haley,Simonite,hsimonite6i@utexas.edu,215.46.7.167,District of Columbia,-77.0146,38.8933
236,Aliza,Ambrogetti,aambrogetti6j@omniture.com,36.147.128.171,Alabama,-86.9292,33.5446
237,Audrye,Lanyon,alanyon6k@wordpress.com,116.53.157.60,Pennsylvania,-80.0649,42.1827
238,Jill,Matonin,jmatonin6l@jimdo.com,15.213.169.5,New Jersey,-74.4173,40.43
239,Hercules,Menault,hmenault6m@yellowbook.com,167.165.123.72,Florida,-81.3893,30.287
240,Corney,McNiff,cmcniff6n@berkeley.edu,105.74.187.112,Wisconsin,-89.4239,43.0696
241,Rog,Bodycomb,rbodycomb6o@acquirethisname.com,37.186.50.78,Michigan,-84.5587,42.7325
242,Riley,Cheatle,rcheatle6p@desdev.cn,222.250.201.196,California,-121.4933,38.5816
243,Bessy,Retter,bretter6q@samsung.com,179.252.78.102,Florida,-82.5805,28.0081
244,Morgan,Pallesen,mpallesen6r@etsy.com,199.98.129.20,Michigan,-84.2568,43.6375
245,Tamqrah,Morot,tmorot6s@linkedin.com,184.203.208.84,Kentucky,-85.6768,38.189
246,Bax,Garratty,bgarratty6t@51.la,59.96.30.73,Arizona,-110.82,32.2519
247,Ellwood,Malan,emalan6u@thetimes.co.uk,140.28.186.29,Michigan,-84.0926,43.3869
248,Gunther,Bolin,gbolin6v@java.com,162.208.234.211,Illinois,-87.6873,41.8119
249,Kimmi,Legen,klegen6w@ucoz.ru,91.132.139.64,Texas,-106.4073,31.9386
250,Francis,Beirne,fbeirne6x@mediafire.com,251.78.48.173,Alabama,-88.178,30.6589
251,Auberta,Streeter,astreeter6y@51.la,189.19.149.20,Virginia,-77.2888,38.8318
252,Doralin,Mealing,dmealing6z@walmart.com,237.154.218.33,Washington,-122.3431,47.7377
253,Blondelle,O'Dunneen,bodunneen70@nih.gov,106.65.116.159,Pennsylvania,-75.8801,41.2722
254,Gunter,Espinha,gespinha71@vistaprint.com,239.112.86.98,Texas,-106.3,31.6948
255,Amaleta,Vauls,avauls72@jiathis.com,95.199.47.35,Arizona,-112.1872,33.2765
256,Minta,Stebbin,mstebbin73@yandex.ru,139.175.70.161,Georgia,-83.565,32.8118
257,Orly,Mandry,omandry74@youtu.be,227.82.128.215,Virginia,-78.4851,38.0401
258,Tiertza,Tremble,ttremble75@g.co,250.0.138.121,North Carolina,-78.9047,35.056
259,Katrinka,Stonehewer,kstonehewer76@free.fr,23.129.243.179,Georgia,-84.3339,33.7217
260,Enoch,Tenny,etenny77@china.com.cn,202.133.56.82,Texas,-98.5755,33.8581
261,Lilian,Tenant,ltenant78@yolasite.com,192.171.121.45,Oregon,-123.1147,45.5486
262,Zsazsa,Iapico,ziapico79@biglobe.ne.jp,126.145.80.252,Virginia,-78.4851,38.0401
263,Bernelle,Howsego,bhowsego7a@mashable.com,26.77.204.177,Nevada,-115.0669,36.173
264,Paddie,Bernardeau,pbernardeau7b@webnode.com,179.212.149.171,Ohio,-84.5382,39.1668
265,Pepito,Wallworth,pwallworth7c@zimbio.com,237.210.179.93,District of Columbia,-77.0146,38.8933
266,Tiphany,Ellor,tellor7d@sohu.com,21.52.219.3,Texas,-102.567,31.7466
267,Odelia,Trenaman,otrenaman7e@indiatimes.com,255.237.155.59,Virginia,-76.4332,37.0156
268,Joni,Hallbord,jhallbord7f@arstechnica.com,43.96.37.233,Florida,-82.5834,27.4841
269,Rayner,Bomfield,rbomfield7g@symantec.com,8.229.242.214,California,-118.348,34.1869
270,Justinn,Hubback,jhubback7h@devhub.com,225.115.115.34,California,-122.2337,37.799
271,Wilhelm,Bruckner,wbruckner7i@webs.com,58.205.146.158,Pennsylvania,-76.8464,40.3086
272,Nerita,Mossbee,nmossbee7j@wsj.com,215.213.206.101,Indiana,-86.1606,39.7673
273,Maire,MacIllrick,mmacillrick7k@cbsnews.com,168.229.149.179,Virginia,-77.4471,37.5593
274,Mitch,Donlon,mdonlon7l@dion.ne.jp,133.49.183.9,Texas,-97.2915,32.7714
275,Teodoor,Semor,tsemor7m@time.com,237.246.25.78,Florida,-81.2571,28.5469
276,Graig,Rands,grands7n@unesco.org,227.61.99.59,District of Columbia,-77.0146,38.8933
277,Germaine,Bassindale,gbassindale7o@bandcamp.com,60.252.139.89,Georgia,-84.1529,33.9845
278,Mellisa,Terzo,mterzo7p@freewebs.com,59.112.110.179,Virginia,-79.9579,37.2742
279,Winnifred,Pettendrich,wpettendrich7q@arstechnica.com,237.93.80.163,North Carolina,-78.6253,35.7977
280,Jacki,Scholcroft,jscholcroft7r@bloglines.com,236.241.104.114,Louisiana,-90.0901,29.6779
281,Merralee,O'Rudden,morudden7s@pcworld.com,198.147.208.44,California,-118.2987,33.7866
282,Carrissa,Kenryd,ckenryd7t@ft.com,103.20.235.83,Illinois,-87.6873,41.8119
283,Charlton,Smeed,csmeed7u@scribd.com,86.154.199.162,Colorado,-104.66,38.2352
284,Brittni,Kelsell,bkelsell7v@posterous.com,104.248.28.216,Oregon,-123.0998,44.0185
285,Nev,Marklow,nmarklow7w@who.int,121.86.163.139,Texas,-101.8904,33.5693
286,Chiarra,Benting,cbenting7x@elegantthemes.com,24.41.129.192,Tennessee,-90.0424,35.1255
287,Brianna,Wadeson,bwadeson7y@slate.com,231.86.176.14,New Jersey,-74.2239,40.6747
288,Colver,Tayloe,ctayloe7z@phoca.cz,14.181.90.176,District of Columbia,-77.0251,38.8941
289,Nikolai,Ilsley,nilsley80@ehow.com,84.4.166.50,North Carolina,-78.9478,36.0218
290,Hugibert,Korlat,hkorlat81@wp.com,72.174.2.40,California,-121.8896,37.2568
291,Leontyne,Soden,lsoden82@constantcontact.com,142.13.14.101,Ohio,-83.4394,41.6868
292,Raffaello,Tees,rtees83@google.cn,88.245.19.99,California,-118.0051,33.6773
293,Janessa,Hogben,jhogben84@acquirethisname.com,55.231.253.131,Colorado,-104.9686,39.7074
294,Alasdair,Merryman,amerryman85@cnn.com,72.156.232.107,Oklahoma,-97.5261,35.4259
295,Brandais,Reyson,breyson86@bandcamp.com,185.41.109.89,Ohio,-83.5573,41.6767
296,Garth,Cleminshaw,gcleminshaw87@si.edu,90.41.44.63,Florida,-82.7119,27.6705
297,Calli,Halversen,chalversen88@csmonitor.com,46.233.71.9,Florida,-80.4582,25.5584
298,Cher,Goldney,cgoldney89@xrea.com,40.217.115.104,Tennessee,-89.9715,35.2017
299,Grantham,Dufty,gdufty8a@harvard.edu,61.116.62.244,Texas,-98.4616,29.4375
300,Ruthann,Helis,rhelis8b@dell.com,68.102.20.187,Texas,-97.2915,32.7714
301,Bendite,Symper,bsymper8c@example.com,35.59.217.15,Michigan,-86.1989,43.1791
302,Rafael,Ludee,rludee8d@walmart.com,102.229.49.18,Oklahoma,-97.4798,35.6665
303,Freemon,Philbrick,fphilbrick8e@nba.com,183.218.118.247,California,-118.3022,34.0665
304,Devinne,Whiten,dwhiten8f@epa.gov,53.188.86.12,North Carolina,-82.4918,35.6004
305,Robbert,Ambrogetti,rambrogetti8g@examiner.com,156.197.78.89,Missouri,-90.27,38.7196
306,Gill,Konzelmann,gkonzelmann8h@google.com.br,233.27.182.233,Georgia,-83.565,32.8118
307,Alameda,Glitherow,aglitherow8i@geocities.com,82.228.241.97,Georgia,-84.4226,33.7629
308,Sutherland,Tomblin,stomblin8j@cnbc.com,37.186.219.0,Massachusetts,-70.9196,42.3389
309,Sydelle,Edmundson,sedmundson8k@un.org,215.167.149.176,Nevada,-115.0669,36.173
310,Lucienne,Conrath,lconrath8l@purevolume.com,211.241.13.247,District of Columbia,-77.0146,38.8933
311,Reeva,Hindmore,rhindmore8m@google.ca,6.38.169.18,Nevada,-115.1471,36.086
312,Jeralee,Balma,jbalma8n@w3.org,75.141.3.146,Utah,-111.9567,41.2553
313,Cordie,Hannigan,channigan8o@topsy.com,224.159.146.59,Tennessee,-89.9715,35.2017
314,Maurizia,Palomba,mpalomba8p@free.fr,138.120.176.107,California,-122.1633,37.7641
315,Vanni,Burden,vburden8q@wikimedia.org,21.210.254.183,Texas,-106.3,31.6948
316,Tiffi,Durrans,tdurrans8r@parallels.com,116.114.73.80,Virginia,-77.4161,37.5313
317,Verney,Myring,vmyring8s@tmall.com,20.248.44.85,California,-121.6703,36.7563
318,Errol,Searle,esearle8t@creativecommons.org,153.204.182.222,Texas,-96.6777,33.0277
319,Charita,Hooks,chooks8u@51.la,168.255.204.38,Utah,-111.831,40.5927
320,Stefanie,Steger,ssteger8v@geocities.com,244.239.40.252,Florida,-80.4582,25.5584
321,Kathe,Sydenham,ksydenham8w@mit.edu,171.158.136.31,Virginia,-77.4471,37.5593
322,Bay,Innerstone,binnerstone8x@ft.com,232.40.77.63,North Carolina,-80.9568,35.2072
323,Even,Karoly,ekaroly8y@examiner.com,67.173.137.111,Florida,-87.2758,30.6143
324,Mariya,Klimko,mklimko8z@wisc.edu,204.29.92.250,North Carolina,-80.8042,35.26
325,Layton,Balme,lbalme90@yale.edu,74.98.25.87,Indiana,-86.1328,39.7795
326,Jay,Flanner,jflanner91@biglobe.ne.jp,84.70.92.25,Idaho,-116.244,43.4599
327,Teresa,Pelman,tpelman92@addtoany.com,51.58.199.116,District of Columbia,-77.0364,38.945
328,Daniela,Roskeilly,droskeilly93@jugem.jp,165.171.116.217,Illinois,-88.2971,41.7582
329,Tabatha,Deeprose,tdeeprose94@discuz.net,179.190.149.24,Minnesota,-93.7665,44.8055
330,Nancee,Tully,ntully95@youku.com,7.74.15.30,Missouri,-93.2951,37.1803
331,Teddie,Alflat,talflat96@mail.ru,123.26.94.198,Arizona,-112.2482,33.5291
332,Lloyd,Etty,letty97@networkadvertising.org,197.119.182.150,Texas,-97.1003,32.7582
333,Sandy,Cajkler,scajkler98@sciencedaily.com,26.23.87.157,Kansas,-94.7405,38.949
334,Eyde,Glas,eglas99@bizjournals.com,36.17.154.81,Florida,-80.5235,27.9246
335,Odele,Broddle,obroddle9a@list-manage.com,100.139.121.112,Massachusetts,-71.1773,42.37
336,Gertrudis,Lambertson,glambertson9b@eepurl.com,185.203.74.186,Arizona,-112.9584,34.8185
337,Kriste,Coalburn,kcoalburn9c@godaddy.com,227.133.86.40,Texas,-106.3,31.6948
338,Corette,Rakes,crakes9d@moonfruit.com,194.44.223.200,Maryland,-76.6205,39.2847
339,Gwenora,Hatchman,ghatchman9e@shop-pro.jp,97.105.61.215,Texas,-97.0823,31.5915
340,Derek,Santostefano.,dsantostefano9f@miitbeian.gov.cn,49.14.30.172,Kentucky,-85.6768,38.189
341,Bethany,Miskimmon,bmiskimmon9g@bravesites.com,136.215.93.46,California,-118.3442,34.169
342,Brucie,De Robertis,bderobertis9h@google.nl,65.219.15.170,Texas,-106.3,31.6948
343,Kurtis,Gabriely,kgabriely9i@arstechnica.com,114.157.105.238,Illinois,-89.606,39.7495
344,Coleman,Barnard,cbarnard9j@google.fr,234.55.1.93,Maryland,-76.6899,39.2856
345,Neville,Gawler,ngawler9k@paypal.com,221.233.194.92,Arizona,-111.8428,33.3887
346,June,Abbets,jabbets9l@techcrunch.com,113.42.63.144,Nebraska,-96.1188,41.2335
347,Oralia,Olin,oolin9m@freewebs.com,146.115.244.105,Minnesota,-93.4193,45.0058
348,Boyce,Walsham,bwalsham9n@chronoengine.com,87.77.169.150,Texas,-96.7955,32.7086
349,Delphine,Hehir,dhehir9o@google.co.uk,196.178.187.189,California,-121.4444,38.3774
350,Alessandra,LeEstut,aleestut9p@ox.ac.uk,83.61.52.213,Florida,-80.409,27.3822
351,Ddene,Petrina,dpetrina9q@amazon.co.uk,18.205.205.35,Georgia,-84.474,33.8444
352,Olivier,Chessun,ochessun9r@vinaora.com,120.81.163.251,California,-122.7278,37.7848
353,Leyla,Johansson,ljohansson9s@cargocollective.com,68.168.214.253,Georgia,-84.556,33.9328
354,Jenna,Lindro,jlindro9t@mozilla.com,31.108.163.248,Texas,-97.4632,27.777
355,Guillemette,Riddlesden,griddlesden9u@deviantart.com,133.73.171.156,New York,-77.6481,43.1367
356,Rube,Worsnup,rworsnup9v@prlog.org,184.249.24.167,Utah,-111.9083,40.6681
357,Piotr,Eggins,peggins9w@purevolume.com,139.40.234.88,New York,-73.945,40.6451
358,Thibaut,Brundrett,tbrundrett9x@soup.io,220.213.4.101,Pennsylvania,-75.1179,40.0018
359,Chiquita,Toe,ctoe9y@bigcartel.com,212.144.204.96,New York,-73.894,40.8247
360,Chlo,Fontenot,cfontenot9z@nbcnews.com,5.45.85.210,California,-119.8025,34.4453
361,Reid,Palay,rpalaya0@elpais.com,38.202.105.243,Ohio,-84.1498,39.7617
362,Alexandrina,Manger,amangera1@cam.ac.uk,125.84.97.123,Louisiana,-90.1094,30.0071
363,Mella,Hickisson,mhickissona2@godaddy.com,237.100.24.1,Texas,-106.3,31.6948
364,Arden,Pringer,apringera3@dedecms.com,12.215.4.233,Texas,-95.4342,29.834
365,Marcellina,Crowdson,mcrowdsona4@psu.edu,39.8.70.14,Pennsylvania,-75.2545,39.9772
366,Cameron,Short,cshorta5@uol.com.br,138.176.207.89,Washington,-122.3048,47.6564
367,Estrellita,Braund,ebraunda6@google.es,179.216.111.181,Pennsylvania,-75.3928,40.6278
368,Audie,Cleve,aclevea7@webmd.com,238.192.27.199,Texas,-95.3832,30.2906
369,Clare,Kroger,ckrogera8@stanford.edu,30.148.217.36,Ohio,-81.5006,41.1075
370,Charin,Balaison,cbalaisona9@domainmarket.com,143.81.185.153,Pennsylvania,-75.1179,40.0018
371,Alli,Larkworthy,alarkworthyaa@hibu.com,27.64.33.55,Ohio,-84.5382,39.1668
372,Lucky,Feben,lfebenab@elegantthemes.com,196.35.93.160,New York,-73.9772,40.7808
373,Harp,Redpath,hredpathac@shinystat.com,203.49.184.197,Ohio,-81.7964,41.3826
374,Gertrude,Stenner,gstennerad@usgs.gov,196.199.148.225,District of Columbia,-77.0146,38.8933
375,Gilly,Skerman,gskermanae@indiatimes.com,121.153.147.11,Texas,-102.0317,31.8693
376,Flynn,Puttick,fputtickaf@rakuten.co.jp,203.210.202.229,Virginia,-77.113,38.8808
377,Toby,Slaughter,tslaughterag@bluehost.com,77.19.198.160,California,-116.846,33.0169
378,Taylor,Silber,tsilberah@cornell.edu,0.241.230.69,Texas,-97.4865,30.4501
379,Darbee,Drayton,ddraytonai@cisco.com,82.118.114.59,California,-118.4717,34.01
380,Haily,Knappitt,hknappittaj@ox.ac.uk,7.253.255.140,Tennessee,-89.9715,35.2017
381,Bambie,Conklin,bconklinak@samsung.com,200.76.42.47,Florida,-81.7556,30.2231
382,Danica,Brompton,dbromptonal@acquirethisname.com,39.88.77.12,South Dakota,-96.7913,43.6746
383,Nicholle,Cockerill,ncockerillam@multiply.com,133.124.71.8,New York,-73.9764,40.7864
384,Jacky,Clousley,jclousleyan@phoca.cz,85.74.55.255,Delaware,-75.597,39.5645
385,Annabelle,Latty,alattyao@wordpress.com,98.2.111.25,Pennsylvania,-79.9535,42.1087
386,Toma,Keller,tkellerap@yellowbook.com,26.15.30.151,Georgia,-83.2474,30.946
387,Maura,Wenger,mwengeraq@latimes.com,74.245.38.75,Florida,-80.1403,25.9597
388,Berni,Vaggs,bvaggsar@friendfeed.com,94.229.63.27,Tennessee,-89.9715,35.2017
389,Theadora,Tompion,ttompionas@wikispaces.com,222.254.163.170,California,-118.3442,34.169
390,Chad,Deeming,cdeemingat@ebay.co.uk,162.141.85.95,Oregon,-122.6897,45.5078
391,Duke,Aldiss,daldissau@goo.ne.jp,236.252.199.43,New Mexico,-106.6729,35.0443
392,Gipsy,Alliker,gallikerav@reddit.com,57.147.195.184,Georgia,-84.474,33.8444
393,Lorrayne,Perri,lperriaw@bing.com,220.142.47.193,West Virginia,-82.2774,38.4134
394,Sher,Bantham,sbanthamax@boston.com,7.97.255.123,Wisconsin,-88.1021,44.5463
395,Murdoch,Haddrell,mhaddrellay@macromedia.com,0.20.98.105,Colorado,-104.4083,39.7388
396,Danyelle,Pepperill,dpepperillaz@baidu.com,95.227.215.164,Texas,-106.2879,31.7444
397,Tiertza,Roland,trolandb0@wp.com,107.139.159.142,California,-117.9309,33.7862
398,Alana,Richards,arichardsb1@paypal.com,109.45.134.170,Michigan,-84.5587,42.7325
399,Jany,Mattiello,jmattiellob2@psu.edu,226.22.211.147,Indiana,-86.3029,39.7038
400,Maren,Bendall,mbendallb3@java.com,233.64.71.113,Washington,-117.4317,47.6536
401,Earle,Torpie,etorpieb4@is.gd,155.16.245.157,Utah,-111.9083,40.6681
402,Flor,Tourot,ftourotb5@pinterest.com,238.197.26.173,Virginia,-77.4932,37.5242
403,Harlen,Connop,hconnopb6@mit.edu,68.27.186.63,Virginia,-77.113,38.8808
404,Neda,Warlton,nwarltonb7@cbslocal.com,175.93.158.204,Arizona,-111.1771,32.3366
405,Nike,Bartell,nbartellb8@latimes.com,176.183.142.198,New York,-74.058,42.8333
406,Kipp,ducarme,kducarmeb9@sciencedaily.com,42.177.3.157,New Jersey,-74.7622,40.2204
407,Cathlene,Lynch,clynchba@nbcnews.com,28.56.39.1,Georgia,-84.556,33.9328
408,Glenda,Skentelbury,gskentelburybb@merriam-webster.com,69.134.7.5,Arizona,-111.8428,33.3887
409,Gertie,Bolte,gboltebc@mediafire.com,136.138.12.74,Delaware,-75.5827,39.7434
410,Brianna,McCallion,bmccallionbd@spiegel.de,248.59.131.171,California,-118.3941,33.9631
411,Care,Cherrington,ccherringtonbe@domainmarket.com,224.97.223.182,Washington,-122.3594,47.2325
412,Madison,Machon,mmachonbf@pinterest.com,26.4.228.52,Texas,-101.8213,33.61
413,Riane,Dickings,rdickingsbg@pbs.org,31.168.9.4,Florida,-82.7119,27.6705
414,Etheline,Surman-Wells,esurmanwellsbh@ycombinator.com,172.110.120.5,Nevada,-119.8353,39.5224
415,Hodge,Fenck,hfenckbi@pbs.org,193.88.36.188,Michigan,-84.5587,42.7325
416,Dolores,Goulston,dgoulstonbj@ihg.com,31.54.230.208,Vermont,-72.585,44.2595
417,Heriberto,Gilfether,hgilfetherbk@ning.com,179.79.101.107,Texas,-95.4342,29.834
418,Jonathon,Fazakerley,jfazakerleybl@nifty.com,37.89.199.106,Virginia,-76.5142,36.8926
419,Rodolfo,McCarlie,rmccarliebm@intel.com,216.136.161.9,West Virginia,-82.2774,38.4134
420,Oralle,Gibbard,ogibbardbn@soup.io,234.105.127.74,Wisconsin,-88.0074,44.4601
421,Merrili,Berrill,mberrillbo@prweb.com,143.18.94.198,Ohio,-83.0114,39.969
422,Byrann,Buist,bbuistbp@wordpress.org,72.20.82.214,Texas,-96.7776,32.7673
423,Audi,Keiling,akeilingbq@nsw.gov.au,159.177.254.246,Texas,-95.2848,29.9015
424,Clarance,O'Mara,comarabr@tinyurl.com,184.19.53.222,California,-118.2987,33.7866
425,Johna,Tubbs,jtubbsbs@psu.edu,168.234.106.145,Mississippi,-89.2948,31.1721
426,Brucie,Lydon,blydonbt@hc360.com,167.119.45.204,Indiana,-86.3029,39.7038
427,Ed,Kingsnoad,ekingsnoadbu@sphinn.com,167.50.209.53,Texas,-96.8314,33.0005
428,Hedwiga,Gimber,hgimberbv@1und1.de,43.175.104.167,New York,-76.8397,42.0869
429,Abbie,Shillabeare,ashillabearebw@imdb.com,150.160.184.161,Oklahoma,-97.4075,35.5514
430,Heath,Braune,hbraunebx@seesaa.net,108.203.93.189,Washington,-117.4317,47.6536
431,Alberik,Brearley,abrearleyby@skyrock.com,185.209.177.154,Michigan,-84.5587,42.7325
432,Dehlia,Drohane,ddrohanebz@japanpost.jp,205.9.73.188,Michigan,-85.7255,43.0073
433,Dominique,Decent,ddecentc0@odnoklassniki.ru,107.41.246.5,Texas,-98.4658,29.3977
434,Erl,Burdikin,eburdikinc1@discovery.com,114.30.48.8,Indiana,-86.1595,39.7851
435,Gaelan,Greenhowe,ggreenhowec2@nymag.com,20.27.69.141,Kentucky,-84.4715,38.0283
436,Fenelia,Teresi,fteresic3@bandcamp.com,95.133.185.126,Oklahoma,-96.0297,36.1398
437,Beatriz,Clifft,bclifftc4@cornell.edu,106.183.88.228,Virginia,-77.4932,37.5242
438,Dasie,Huckett,dhuckettc5@biblegateway.com,217.163.89.89,Maryland,-76.6205,39.2847
439,Alene,Whimper,awhimperc6@netscape.com,212.105.214.212,Wisconsin,-87.9715,43.0685
440,Bengt,Jouannin,bjouanninc7@telegraph.co.uk,90.191.155.57,Michigan,-83.0409,42.3809
441,Alberto,Costelloe,acostelloec8@reddit.com,42.82.167.23,Virginia,-77.6452,39.0853
442,Will,Dinnis,wdinnisc9@huffingtonpost.com,223.22.240.197,Texas,-101.8165,35.1885
443,Kaila,Machen,kmachenca@shinystat.com,122.4.119.128,Missouri,-90.3225,38.6111
444,Guido,Quinell,gquinellcb@1688.com,88.74.65.227,California,-121.444,38.6406
445,Everard,Galliard,egalliardcc@unc.edu,225.1.47.224,Oregon,-123.0381,44.9364
446,Aviva,Corstan,acorstancd@harvard.edu,93.233.167.233,California,-117.9063,33.8994
447,Israel,Raggles,iragglesce@purevolume.com,33.244.224.224,Nebraska,-95.9629,41.2435
448,Trstram,Mattiazzo,tmattiazzocf@state.tx.us,62.126.159.107,Missouri,-94.5674,39.0663
449,Orella,McDuffie,omcduffiecg@ftc.gov,116.171.135.253,Pennsylvania,-80.0248,40.4344
450,Ikey,Kermath,ikermathch@ted.com,132.137.14.141,California,-118.3022,34.0665
451,Bondon,Quilliam,bquilliamci@blogger.com,246.46.92.150,Maryland,-77.9162,39.5207
452,Shirlee,Dady,sdadycj@washington.edu,137.7.135.240,Texas,-106.3,31.6948
453,Parke,Ende,pendeck@fastcompany.com,202.43.1.127,Rhode Island,-71.3977,41.8267
454,Donna,Ivell,divellcl@ebay.com,184.96.126.177,Tennessee,-86.8219,36.0986
455,Maynord,De Caville,mdecavillecm@amazon.de,250.76.196.226,Pennsylvania,-75.1179,40.0018
456,Eyde,Askew,easkewcn@fda.gov,139.110.4.169,Utah,-111.9083,40.6681
457,Fredra,Leason,fleasonco@tuttocitta.it,44.102.25.198,Colorado,-104.4083,39.7388
458,Ogdon,Espasa,oespasacp@rediff.com,22.227.221.135,Minnesota,-93.1059,45.0059
459,Michelle,Pockey,mpockeycq@wired.com,72.115.81.51,Maryland,-76.8958,38.9513
460,Ingunna,Bercevelo,ibercevelocr@cam.ac.uk,47.236.251.113,California,-118.2987,33.7866
461,Henrie,Purse,hpursecs@live.com,182.133.251.147,Utah,-111.9567,41.2553
462,Min,Toe,mtoect@merriam-webster.com,190.239.107.243,Texas,-101.8951,35.4015
463,Nolana,Fassmann,nfassmanncu@technorati.com,4.62.148.12,Florida,-81.2608,28.5663
464,Neila,Woofenden,nwoofendencv@phoca.cz,116.41.15.128,Florida,-82.4226,28.5059
465,Alanson,Villa,avillacw@yahoo.com,102.135.147.243,Alabama,-86.2085,32.2334
466,Hephzibah,Iverson,hiversoncx@hostgator.com,53.49.73.85,California,-117.9132,33.8356
467,Ollie,Gerhold,ogerholdcy@webeden.co.uk,120.201.197.239,Arizona,-112.1872,33.2765
468,Lisetta,Kobierzycki,lkobierzyckicz@yahoo.co.jp,73.47.48.189,Nebraska,-96.0495,41.2338
469,Brnaby,Van T'Hoog,bvanthoogd0@mayoclinic.com,113.151.146.116,Indiana,-85.3058,41.0456
470,Merrel,Lovick,mlovickd1@etsy.com,248.154.49.110,Florida,-80.4303,26.6459
471,Conway,Tremblot,ctremblotd2@devhub.com,168.247.146.14,Arizona,-112.1872,33.2765
472,Burnard,Lauridsen,blauridsend3@myspace.com,130.136.213.108,Ohio,-83.0669,40.0495
473,Appolonia,Crocken,acrockend4@elpais.com,186.30.157.164,Pennsylvania,-75.1451,40.0365
474,Lacy,Elcombe,lelcombed5@fda.gov,224.235.132.138,Texas,-102.0714,35.216
475,Noellyn,Bitten,nbittend6@state.tx.us,23.24.237.173,Colorado,-104.4083,39.7388
476,Bowie,Bullen,bbullend7@nifty.com,9.98.230.5,Florida,-80.4497,25.7274
477,Gracia,Garlee,ggarleed8@usda.gov,5.80.181.123,North Carolina,-80.8042,35.26
478,Benjamen,Heaney`,bheaneyd9@umich.edu,95.134.58.23,Ohio,-81.3399,40.8259
479,Robinet,Yeskin,ryeskinda@qq.com,17.197.178.30,South Carolina,-82.1055,35.1114
480,Ken,Webley,kwebleydb@odnoklassniki.ru,224.96.125.203,Iowa,-93.5722,41.6727
481,Joellyn,Chown,jchowndc@delicious.com,203.37.90.214,Ohio,-81.7964,41.3826
482,Dalenna,Bonnor,dbonnordd@bing.com,18.130.69.188,Texas,-106.3,31.6948
483,Edna,Chesser,echesserde@flickr.com,132.52.122.177,Georgia,-83.565,32.8118
484,Fabien,Dunkley,fdunkleydf@redcross.org,239.150.124.106,Louisiana,-92.5269,31.2034
485,Taddeusz,Jacquet,tjacquetdg@dailymotion.com,188.54.26.33,Massachusetts,-72.6048,42.1707
486,Toma,Maffey,tmaffeydh@go.com,179.109.181.47,Texas,-106.4304,31.7674
487,Waylan,Vinson,wvinsondi@google.com.br,0.131.44.157,Washington,-122.3256,47.6036
488,Nye,Bruniges,nbrunigesdj@weebly.com,178.183.104.6,Virginia,-76.2397,36.9312
489,Moira,Leeves,mleevesdk@amazon.com,138.113.202.86,District of Columbia,-77.0146,38.8933
490,Noell,Llewelyn,nllewelyndl@typepad.com,81.168.129.59,Delaware,-75.597,39.5645
491,Orville,Vankov,ovankovdm@ibm.com,190.45.35.123,Connecticut,-73.3637,41.3089
492,Olva,Goseling,ogoselingdn@lulu.com,67.134.76.132,California,-118.1436,34.1478
493,Carleton,Heak,cheakdo@ebay.com,72.10.123.157,Washington,-122.5485,47.1591
494,Haley,Baldini,hbaldinidp@illinois.edu,234.102.21.184,Louisiana,-93.7526,32.6076
495,Nikoletta,Dillingston,ndillingstondq@chicagotribune.com,252.186.57.247,Florida,-87.2589,30.4481
496,Dalia,Feldbrin,dfeldbrindr@answers.com,133.15.146.62,South Carolina,-82.4538,34.8497
497,Irene,Ronci,ironcids@studiopress.com,251.169.99.181,Arizona,-111.1771,32.3366
498,Sheff,Benardeau,sbenardeaudt@economist.com,119.165.147.162,California,-121.4444,38.3774
499,Glory,Drewitt,gdrewittdu@mapquest.com,178.179.61.193,Nevada,-115.3398,36.3265
500,Bili,Coombes,bcoombesdv@usda.gov,125.59.95.63,Florida,-82.2491,27.0459
501,Janaya,Shalcros,jshalcrosdw@netscape.com,78.8.102.91,Georgia,-83.6913,32.8067
502,Richard,Gebbe,rgebbedx@wiley.com,127.217.59.246,Tennessee,-89.9715,35.2017
503,Morey,Caistor,mcaistordy@va.gov,77.2.36.182,New York,-73.7966,40.6763
504,Langsdon,Britton,lbrittondz@chicagotribune.com,191.29.252.67,Minnesota,-93.302,45.0242
505,Lisette,Shea,lsheae0@domainmarket.com,73.112.154.92,Maryland,-76.8777,38.8336
506,Dix,Halburton,dhalburtone1@nps.gov,215.19.141.205,Florida,-84.3462,30.4793
507,Beilul,Pendle,bpendlee2@merriam-webster.com,62.145.133.161,California,-118.2987,33.7866
508,Audrie,Sapena,asapenae3@mapy.cz,100.49.253.142,Pennsylvania,-75.1179,40.0018
509,Marsh,Miles,mmilese4@rediff.com,198.86.164.30,Florida,-84.291,30.4494
510,Dixie,Riddeough,driddeoughe5@cmu.edu,67.33.72.97,Texas,-106.3,31.6948
511,Reyna,Faltin,rfaltine6@flavors.me,28.105.117.38,Michigan,-85.5503,43.0314
512,Marlowe,Schollar,mschollare7@dailymotion.com,53.1.249.63,Florida,-82.6435,27.7391
513,Gus,Charle,gcharlee8@google.co.jp,36.180.160.85,Texas,-97.7151,30.352
514,Emmeline,Montfort,emontforte9@opensource.org,85.241.222.228,Texas,-96.7776,32.7673
515,Verina,Ausiello,vausielloea@mashable.com,85.96.33.189,New Jersey,-74.1695,40.7664
516,Alicia,Swindells,aswindellseb@discovery.com,141.242.72.195,California,-122.2337,37.799
517,Igor,Hafford,ihaffordec@icio.us,11.34.234.92,California,-118.1994,33.7678
518,Ailyn,Saich,asaiched@netvibes.com,191.135.223.101,Illinois,-89.7184,40.7442
519,Lindsey,Parsand,lparsandee@adobe.com,5.205.80.149,California,-118.2987,33.7866
520,Prentice,Kopje,pkopjeef@sphinn.com,242.250.125.150,Tennessee,-83.9622,35.9901
521,Angil,Bleasdille,ableasdilleeg@ca.gov,239.251.112.183,Texas,-94.1157,30.0211
522,Jerrilyn,Dalby,jdalbyeh@amazonaws.com,60.61.39.48,New Hampshire,-71.6539,42.9521
523,Eleonore,Twyford,etwyfordei@edublogs.org,141.136.171.156,Maryland,-77.1568,39.0883
524,Garrick,Nast,gnastej@nps.gov,225.141.155.134,California,-121.9215,37.6802
525,Kincaid,Martynikhin,kmartynikhinek@princeton.edu,14.227.86.183,Missouri,-90.2564,38.6185
526,Jorge,Mallinar,jmallinarel@sciencedirect.com,84.255.96.39,Washington,-122.3594,47.2325
527,Valentijn,Synder,vsynderem@buzzfeed.com,217.198.151.87,California,-118.2716,34.0434
528,Daryle,Hymans,dhymansen@geocities.com,205.185.137.13,Washington,-122.3048,47.6564
529,Brittan,Lipp,blippeo@omniture.com,225.83.39.201,Kansas,-94.764,39.116
530,Gerard,Slisby,gslisbyep@netvibes.com,44.154.103.107,Michigan,-83.1801,42.3349
531,Waring,Haken,whakeneq@cloudflare.com,194.100.188.1,Texas,-95.4342,29.834
532,Kleon,Lownds,klowndser@cargocollective.com,1.166.101.198,New York,-73.8059,40.6913
533,Dyanne,Labba,dlabbaes@hostgator.com,238.228.137.184,Illinois,-89.606,39.7495
534,Melita,Lemmon,mlemmonet@statcounter.com,207.104.90.174,Ohio,-83.0669,40.0495
535,Brok,Harbar,bharbareu@pagesperso-orange.fr,34.140.26.11,New Mexico,-106.6729,35.0443
536,Melinda,Ricard,mricardev@sogou.com,196.135.107.246,Florida,-81.2608,28.5663
537,Forester,Vedstra,fvedstraew@list-manage.com,221.217.31.30,Oklahoma,-97.5017,35.4794
538,Gusti,Grindlay,ggrindlayex@jigsy.com,71.40.147.229,Texas,-94.3404,33.3934
539,Cherin,Fitzsymonds,cfitzsymondsey@newsvine.com,139.203.249.95,Florida,-81.2608,28.5663
540,Alyssa,Dmitrievski,admitrievskiez@japanpost.jp,251.157.43.95,Florida,-80.4582,25.5584
541,Archer,Le Brum,alebrumf0@joomla.org,176.14.250.161,Indiana,-87.575,37.9971
542,Auberta,Adds,aaddsf1@ehow.com,78.5.36.71,West Virginia,-82.2774,38.4134
543,Pedro,Peebles,ppeeblesf2@tamu.edu,254.201.254.97,Nevada,-114.9721,35.9279
544,Rora,Petracchi,rpetracchif3@hp.com,174.223.80.6,New York,-73.9828,40.6669
545,Normy,Coxon,ncoxonf4@earthlink.net,252.113.156.14,West Virginia,-82.2774,38.4134
546,Maryjane,Clutten,mcluttenf5@huffingtonpost.com,203.6.76.59,Alaska,-149.8289,61.1535
547,Orly,Percifull,opercifullf6@wunderground.com,151.140.38.209,Texas,-101.8507,33.571
548,Hatti,Skellern,hskellernf7@illinois.edu,34.51.135.91,California,-121.8601,37.2187
549,Emlen,Trundell,etrundellf8@adobe.com,233.197.24.244,Arizona,-111.9197,33.3363
550,Enid,Braney,ebraneyf9@barnesandnoble.com,255.39.178.115,Connecticut,-72.9275,41.3657
551,Woodman,Islip,wislipfa@google.ru,12.137.129.2,California,-121.7709,37.2602
552,Hildy,Cumine,hcuminefb@icio.us,130.163.72.65,Florida,-80.232,25.813
553,Hersch,Dandie,hdandiefc@istockphoto.com,41.91.98.98,Texas,-95.3668,29.7575
554,Upton,Hendrickx,uhendrickxfd@reuters.com,224.101.247.191,Iowa,-96.3829,42.5032
555,Kris,Imlaw,kimlawfe@artisteer.com,189.116.255.28,Florida,-81.9545,26.9668
556,Cloe,Guillerman,cguillermanff@weibo.com,110.183.112.9,Georgia,-84.1529,33.9845
557,Millard,Coltart,mcoltartfg@acquirethisname.com,97.88.175.97,District of Columbia,-77.0162,38.905
558,Coleman,Olwen,colwenfh@samsung.com,66.193.141.255,California,-119.8025,34.4453
559,Faye,Garnham,fgarnhamfi@mtv.com,238.183.11.42,Nevada,-119.7764,39.1678
560,Jessalin,Zecchini,jzecchinifj@hud.gov,109.80.4.126,North Carolina,-78.6253,35.7977
561,Arny,Paling,apalingfk@diigo.com,49.42.145.207,North Carolina,-78.8577,36.0512
562,Eb,Yankov,eyankovfl@stanford.edu,106.34.49.255,Florida,-80.0928,26.4116
563,Bab,Lauthian,blauthianfm@virginia.edu,8.61.223.165,California,-118.3027,34.0606
564,Michelina,Telford,mtelfordfn@whitehouse.gov,94.130.13.113,Texas,-98.5521,29.5407
565,Orelee,Felmingham,ofelminghamfo@china.com.cn,133.124.28.231,Massachusetts,-71.0682,42.3611
566,Evangeline,Bransdon,ebransdonfp@mtv.com,28.252.183.254,Louisiana,-90.0901,29.6779
567,Pennie,Confort,pconfortfq@amazon.co.uk,17.196.239.170,Pennsylvania,-75.1794,39.9379
568,Marthena,McCarrick,mmccarrickfr@fotki.com,52.106.123.32,Kentucky,-85.6768,38.189
569,Tamma,Vowells,tvowellsfs@house.gov,23.168.86.155,Kansas,-97.4269,37.7639
570,Charlie,Safont,csafontft@livejournal.com,96.239.246.22,Connecticut,-73.3637,41.3089
571,Tod,Rayer,trayerfu@csmonitor.com,17.98.165.131,South Dakota,-96.7913,43.6746
572,Nikos,Hymer,nhymerfv@dion.ne.jp,164.215.105.143,Tennessee,-85.3082,35.0768
573,Rori,Duchan,rduchanfw@weibo.com,227.10.50.61,Iowa,-93.6736,41.6255
574,Kassi,Saxelby,ksaxelbyfx@weibo.com,143.120.128.176,District of Columbia,-76.9948,38.9164
575,Werner,Polkinghorne,wpolkinghornefy@goo.ne.jp,192.214.122.213,Indiana,-86.5186,39.1682
576,Kimbell,Lombardo,klombardofz@cornell.edu,241.75.135.149,California,-122.4754,37.7211
577,Grace,Prosek,gprosekg0@wix.com,14.132.192.229,Kentucky,-84.4715,38.0283
578,Mala,Potteril,mpotterilg1@addthis.com,60.218.68.0,Indiana,-87.575,37.9971
579,Neale,Adran,nadrang2@yelp.com,8.48.217.254,New York,-73.8495,40.8702
580,Bridget,Nairns,bnairnsg3@is.gd,90.33.150.143,Tennessee,-89.9715,35.2017
581,Liesa,Schinetti,lschinettig4@boston.com,173.1.168.37,Pennsylvania,-80.3084,40.9897
582,Monica,Danick,mdanickg5@bravesites.com,51.27.66.155,Florida,-87.2917,30.4061
583,Bartholomeo,Bickardike,bbickardikeg6@ning.com,139.219.125.241,Nevada,-115.3398,36.3265
584,Merwyn,Blench,mblenchg7@taobao.com,167.66.135.133,Florida,-87.2758,30.6143
585,Ruben,Woodfin,rwoodfing8@topsy.com,80.37.189.241,Indiana,-85.1189,41.0977
586,Lin,Wogan,lwogang9@tuttocitta.it,14.237.171.103,Arizona,-112.238,33.7169
587,Yancey,Gissop,ygissopga@sbwire.com,196.2.0.181,Florida,-80.2153,25.9894
588,Violet,Mandell,vmandellgb@people.com.cn,195.17.3.47,New York,-73.7416,40.8171
589,Pollyanna,Blogg,pblogggc@artisteer.com,142.179.244.114,South Dakota,-96.7913,43.6746
590,Merwyn,Farrans,mfarransgd@wired.com,92.96.123.3,Virginia,-77.2888,38.8318
591,Gigi,Corryer,gcorryerge@ted.com,56.42.249.254,Colorado,-104.7134,38.8558
592,Hugo,Riepl,hrieplgf@reddit.com,66.25.113.96,Minnesota,-93.4719,45.0159
593,Ardis,Staniforth,astaniforthgg@yellowbook.com,90.126.60.144,Ohio,-84.3211,39.7982
594,Darlene,Mark,dmarkgh@jugem.jp,79.216.182.184,Nevada,-114.9721,35.9279
595,Scotty,Averall,saverallgi@eventbrite.com,139.193.94.176,California,-122.7278,37.7848
596,Kaitlyn,Peasee,kpeaseegj@woothemes.com,83.76.142.44,Florida,-80.441,25.6615
597,Northrup,Garmans,ngarmansgk@comcast.net,191.124.56.232,North Dakota,-97.2297,46.9346
598,Charmian,MacKain,cmackaingl@google.pl,145.205.225.136,New York,-76.1977,43.0214
599,Lanny,Sleaford,lsleafordgm@scribd.com,186.187.48.197,Massachusetts,-71.7888,42.2894
600,Dell,Ortet,dortetgn@wordpress.org,40.81.209.99,District of Columbia,-77.0401,38.8981
601,Aleece,Malec,amalecgo@ehow.com,6.124.191.23,Colorado,-104.4083,39.7388
602,Jerry,Tolworthy,jtolworthygp@europa.eu,244.200.192.199,California,-118.2987,33.7866
603,Kelsy,Nobes,knobesgq@live.com,195.197.215.237,Oregon,-123.0381,44.9364
604,Feodora,Deans,fdeansgr@istockphoto.com,43.82.36.144,Oklahoma,-97.4388,35.411
605,Dwight,Gare,dgaregs@amazonaws.com,65.145.145.226,Louisiana,-90.0901,29.6779
606,Conan,Bowyer,cbowyergt@spotify.com,95.85.166.99,Florida,-80.3889,25.9098
607,Fenelia,O'Sirin,fosiringu@joomla.org,1.85.245.224,Florida,-81.5264,29.9475
608,Ginni,Darleston,gdarlestongv@arstechnica.com,52.158.44.110,Oklahoma,-97.4798,35.6665
609,Shannon,Perring,sperringgw@vinaora.com,21.134.196.168,New York,-74.0768,40.5973
610,Bunny,Knibbs,bknibbsgx@aboutads.info,202.68.64.203,Arizona,-111.7096,33.2781
611,Olympia,Bazley,obazleygy@macromedia.com,176.92.154.238,District of Columbia,-77.0146,38.8933
612,Eachelle,Shrubb,eshrubbgz@irs.gov,71.247.200.178,Wisconsin,-87.9429,43.006
613,Waiter,Sextie,wsextieh0@mysql.com,245.59.189.69,South Carolina,-80.9708,34.006
614,Rossy,Kimpton,rkimptonh1@cloudflare.com,32.208.209.44,Florida,-80.5726,27.709
615,Bambi,Band,bbandh2@walmart.com,149.254.80.64,New York,-73.9772,40.7808
616,Isador,Levitt,ilevitth3@webeden.co.uk,200.26.164.80,Alabama,-85.9576,33.9352
617,Carolee,Thake,cthakeh4@youtu.be,186.222.186.111,Oregon,-122.5569,45.5137
618,Joellyn,Edmeads,jedmeadsh5@alexa.com,88.18.228.58,California,-121.9215,37.6802
619,Tomasina,Keaveny,tkeavenyh6@fema.gov,16.174.244.197,Ohio,-84.5221,39.2663
620,Benjamin,Clappison,bclappisonh7@purevolume.com,204.45.45.194,New York,-74.0163,40.7105
621,Lucio,Dangerfield,ldangerfieldh8@vimeo.com,255.217.216.84,Oklahoma,-97.4075,35.5514
622,Ceciley,Wimmer,cwimmerh9@cyberchimps.com,9.190.209.211,Nevada,-114.9721,35.9279
623,Emilie,Rosborough,erosboroughha@google.com,112.85.186.224,District of Columbia,-77.0146,38.8933
624,Bobbie,Roussel,brousselhb@cdc.gov,85.0.24.15,California,-117.9738,33.7661
625,Cherlyn,Phateplace,cphateplacehc@com.com,7.161.11.66,Florida,-80.4582,25.5584
626,Vita,Ring,vringhd@51.la,209.157.227.105,Michigan,-83.8366,42.2535
627,Georgette,Olliffe,golliffehe@noaa.gov,136.51.241.190,Virginia,-77.386,38.9776
628,Thelma,McMeanma,tmcmeanmahf@opera.com,203.245.189.172,Alabama,-85.9576,33.9352
629,Lanette,Goldis,lgoldishg@oakley.com,159.207.110.250,Tennessee,-86.869,36.1114
630,Melvin,Carlson,mcarlsonhh@liveinternet.ru,106.213.228.92,New York,-73.9666,40.6924
631,Butch,Heymann,bheymannhi@intel.com,242.102.77.43,Oklahoma,-97.4075,35.5514
632,Maurizia,Hodges,mhodgeshj@themeforest.net,23.113.30.216,Florida,-82.4388,27.872
633,Adara,Cotterrill,acotterrillhk@vinaora.com,94.14.243.79,California,-118.1994,33.7678
634,Torrence,Pigden,tpigdenhl@aol.com,73.43.144.168,Minnesota,-93.7665,44.8055
635,Cherrita,Ricciardi,cricciardihm@webnode.com,57.225.231.50,Arizona,-112.2482,33.5291
636,Bernadine,Abrahim,babrahimhn@storify.com,185.116.230.4,California,-122.0578,36.9959
637,Lizabeth,Ryson,lrysonho@ox.ac.uk,241.248.131.200,Georgia,-84.3046,33.7749
638,Marco,Maffini,mmaffinihp@furl.net,16.217.235.164,Florida,-80.0844,26.3462
639,Blair,Wettern,bwetternhq@berkeley.edu,47.210.221.126,California,-121.4444,38.3774
640,Eleonora,Kettlesing,ekettlesinghr@harvard.edu,144.224.53.78,Illinois,-87.7223,41.8804
641,Dionne,Radenhurst,dradenhursths@geocities.jp,186.197.204.90,Indiana,-87.4101,39.4336
642,Heinrik,Snel,hsnelht@vimeo.com,77.55.23.7,Kansas,-97.425,37.6333
643,Domenic,Ceely,dceelyhu@cdc.gov,114.141.75.232,New York,-74.0082,40.7069
644,Warde,Rosenstock,wrosenstockhv@earthlink.net,142.22.127.183,California,-122.067,37.6374
645,Michail,Reilinger,mreilingerhw@fc2.com,73.137.57.54,Florida,-81.2608,28.5663
646,Lucila,Juanes,ljuaneshx@gnu.org,175.132.63.114,Pennsylvania,-80.1534,42.1109
647,Timotheus,Serraillier,tserraillierhy@chron.com,109.49.100.235,California,-118.2987,33.7866
648,Melina,Newick,mnewickhz@ask.com,124.84.250.56,Washington,-122.1132,47.0662
649,Chris,Hardesty,chardestyi0@slashdot.org,200.48.94.107,Ohio,-81.5516,41.5008
650,Letizia,Boddy,lboddyi1@boston.com,196.178.137.76,Utah,-111.831,40.5927
651,Briano,Lezemere,blezemerei2@berkeley.edu,152.52.17.240,New Mexico,-106.6729,35.0443
652,Yoko,Hendrickson,yhendricksoni3@ucoz.com,70.186.38.92,New Jersey,-74.2239,40.6747
653,Brinn,Gudgion,bgudgioni4@ask.com,10.40.228.90,Nevada,-114.9721,35.9279
654,Lawrence,Ivanchin,livanchini5@free.fr,97.142.153.157,Arizona,-110.9845,32.2691
655,Bruis,Flockhart,bflockharti6@list-manage.com,10.34.214.49,Texas,-106.3,31.6948
656,Querida,Collier,qcollieri7@over-blog.com,222.125.250.79,Connecticut,-73.2402,41.1928
657,Herby,Spottiswoode,hspottiswoodei8@umich.edu,136.165.149.107,Florida,-82.7243,27.7898
658,Odella,Mallinson,omallinsoni9@noaa.gov,10.54.28.190,Minnesota,-93.1981,44.968
659,Giles,Maunton,gmauntonia@parallels.com,247.173.40.119,District of Columbia,-77.086,38.9381
660,Darn,Bothbie,dbothbieib@163.com,49.178.136.181,Washington,-122.2968,47.6849
661,Adah,Ledamun,aledamunic@gmpg.org,96.97.68.108,Kansas,-95.6384,39.1271
662,Ivett,Vell,ivellid@phoca.cz,176.166.71.170,District of Columbia,-77.0047,38.8874
663,Brynn,Siddele,bsiddeleie@adobe.com,24.137.110.250,Arizona,-110.824,32.2138
664,Hamlen,Malter,hmalterif@adobe.com,132.31.160.181,Virginia,-76.2666,36.8056
665,Alanson,Hovee,ahoveeig@salon.com,195.151.251.107,Florida,-82.4079,28.06
666,Rudolfo,Crossley,rcrossleyih@intel.com,26.39.61.251,Kentucky,-84.4715,38.0283
667,Catriona,Methringham,cmethringhamii@dyndns.org,125.243.101.50,Florida,-80.2582,26.1625
668,Dannie,Palia,dpaliaij@wunderground.com,48.118.61.203,Alabama,-87.5859,33.3072
669,Rianon,Abela,rabelaik@nsw.gov.au,81.107.121.28,Texas,-106.3,31.6948
670,Fransisco,Harvatt,fharvattil@vkontakte.ru,209.152.120.106,Wisconsin,-87.9353,43.0528
671,Misha,Fetterplace,mfetterplaceim@shareasale.com,110.66.64.173,Utah,-111.9394,40.7259
672,Fee,Cockshott,fcockshottin@unicef.org,171.9.224.222,Alabama,-86.7046,33.3813
673,Roanna,Di Maggio,rdimaggioio@oakley.com,104.96.132.1,Arizona,-112.0559,33.5623
674,Klara,McMains,kmcmainsip@uiuc.edu,68.247.45.69,Tennessee,-85.3138,35.0018
675,Gertrude,Henken,ghenkeniq@google.co.jp,25.217.203.221,Texas,-96.7776,32.7673
676,Meghann,Claye,mclayeir@prlog.org,97.53.173.94,Kentucky,-85.6768,38.189
677,Tallie,Stairmand,tstairmandis@xinhuanet.com,151.44.245.224,Texas,-106.3,31.6948
678,Gayle,Wellstood,gwellstoodit@youku.com,180.124.143.150,South Carolina,-80.9708,34.006
679,Nicolina,Joinsey,njoinseyiu@indiegogo.com,197.55.184.45,Alabama,-88.1267,30.671
680,Valencia,Allsebrook,vallsebrookiv@apache.org,35.48.29.91,Texas,-96.6777,33.0277
681,Carleton,Guice,cguiceiw@engadget.com,198.54.188.101,Idaho,-116.244,43.4599
682,Onofredo,Lamball,olamballix@sbwire.com,145.52.120.226,California,-117.8493,33.811
683,Gates,Gayforth,ggayforthiy@ocn.ne.jp,190.0.55.58,District of Columbia,-77.0146,38.8933
684,Xylia,Prettyjohns,xprettyjohnsiz@cbsnews.com,237.38.198.13,California,-117.9086,33.8359
685,Quincey,Hoofe,qhoofej0@home.pl,128.134.40.192,Ohio,-84.5221,39.2663
686,Jori,Goodlip,jgoodlipj1@deviantart.com,241.208.242.130,Missouri,-94.3567,39.035
687,Gwenette,Mack,gmackj2@huffingtonpost.com,2.24.238.193,Arizona,-110.824,32.2138
688,Deva,Fransinelli,dfransinellij3@icio.us,1.108.1.159,District of Columbia,-77.0221,38.884
689,Sully,Scanes,sscanesj4@cisco.com,144.58.125.57,Iowa,-93.5722,41.6727
690,Yves,Rennles,yrennlesj5@unblog.fr,240.221.85.207,Indiana,-86.1595,39.7851
691,Aili,Egar,aegarj6@deliciousdays.com,69.61.178.152,Nebraska,-96.7201,40.9008
692,Torey,Dell Casa,tdellcasaj7@phpbb.com,92.135.218.141,Alaska,-146.276,64.8561
693,Maurizia,Gudge,mgudgej8@nytimes.com,251.128.64.8,Oklahoma,-95.9605,36.3024
694,Karry,Tome,ktomej9@fda.gov,50.203.180.4,North Carolina,-80.8042,35.26
695,Dannye,Stanesby,dstanesbyja@i2i.jp,252.134.87.135,Oregon,-122.3748,45.5806
696,Sigismond,Macak,smacakjb@wix.com,135.217.125.21,California,-122.4892,37.7786
697,Graehme,Kiff,gkiffjc@netlog.com,83.250.95.156,Ohio,-83.5085,41.6525
698,Wash,Caldeyroux,wcaldeyrouxjd@amazon.co.uk,64.204.105.233,Missouri,-90.2435,38.6531
699,Jocelyn,Laden,jladenje@techcrunch.com,87.213.174.6,Indiana,-86.1328,39.7795
700,Taddeo,Glen,tglenjf@elegantthemes.com,164.137.169.47,California,-121.7053,37.1894
701,Deloris,Deluca,ddelucajg@nature.com,45.76.7.66,Illinois,-87.6873,41.8119
702,Goober,Haresnape,gharesnapejh@hubpages.com,129.158.69.3,West Virginia,-81.5547,38.2968
703,Reube,Hrinchenko,rhrinchenkoji@oakley.com,59.130.195.106,Florida,-82.7813,27.9843
704,Hedwiga,Bernardet,hbernardetjj@shop-pro.jp,168.105.175.10,Virginia,-76.1759,36.7978
705,Bessy,Kitteringham,bkitteringhamjk@timesonline.co.uk,216.133.107.118,Wisconsin,-87.9715,43.0685
706,Ravid,Buye,rbuyejl@ustream.tv,220.21.36.111,Missouri,-94.3567,39.035
707,Darwin,Kem,dkemjm@deliciousdays.com,140.185.91.123,Florida,-82.1095,29.2541
708,Karlis,Rosenwald,krosenwaldjn@mac.com,191.63.27.172,Tennessee,-82.5733,36.5799
709,Oralla,Truse,otrusejo@biblegateway.com,93.87.13.237,Arizona,-111.8867,33.6013
710,Ronica,Hackin,rhackinjp@reddit.com,117.73.245.101,Iowa,-96.3829,42.5032
711,Emmery,Owbridge,eowbridgejq@shinystat.com,170.207.143.120,Ohio,-83.4394,41.6868
712,Randee,MacKaile,rmackailejr@exblog.jp,23.137.178.155,Texas,-95.26,29.6223
713,Kurt,Wyndham,kwyndhamjs@sun.com,96.161.253.97,Texas,-94.7767,32.5547
714,Forester,Wiffill,fwiffilljt@ox.ac.uk,71.111.140.103,Michigan,-83.7001,43.0634
715,Michele,Dellatorre,mdellatorreju@smh.com.au,194.108.145.201,Florida,-80.441,25.6615
716,Odo,Feldon,ofeldonjv@ebay.com,67.82.179.183,Massachusetts,-70.9196,42.3389
717,Alejoa,Huyche,ahuychejw@dyndns.org,165.122.162.149,Maryland,-77.1034,39.0024
718,Kilian,Dennett,kdennettjx@baidu.com,166.57.181.203,Virginia,-76.4332,37.0156
719,Michelina,Deverick,mdeverickjy@a8.net,54.197.188.24,South Carolina,-80.9708,34.006
720,Wendell,Tague,wtaguejz@intel.com,33.187.235.154,Colorado,-104.5523,38.1286
721,Andros,Spaule,aspaulek0@dmoz.org,189.68.159.46,Indiana,-86.2433,41.6255
722,Amabelle,Cutchie,acutchiek1@examiner.com,193.113.118.190,Virginia,-77.0796,38.7351
723,Pip,Antoszczyk,pantoszczykk2@icio.us,113.179.165.99,Virginia,-77.4959,37.625
724,Harbert,Iannetti,hiannettik3@multiply.com,200.73.19.217,Texas,-95.4342,29.834
725,Felita,Bend,fbendk4@un.org,9.24.64.122,Virginia,-77.113,38.8808
726,Crosby,Starmer,cstarmerk5@ycombinator.com,13.148.81.249,North Carolina,-80.8042,35.26
727,Inga,Weild,iweildk6@squidoo.com,221.194.240.148,Ohio,-83.4394,41.6868
728,Cathie,Byllam,cbyllamk7@toplist.cz,235.240.107.77,Missouri,-94.5674,39.0663
729,Novelia,Baukham,nbaukhamk8@hibu.com,245.227.137.170,Hawaii,-157.8795,21.351
730,Owen,McVittie,omcvittiek9@telegraph.co.uk,222.188.210.68,Missouri,-90.27,38.7196
731,Ad,Runcie,aruncieka@elpais.com,142.116.50.251,Kentucky,-84.8748,38.2341
732,Ebba,Chitham,echithamkb@amazonaws.com,165.75.107.27,Massachusetts,-71.254,42.3319
733,Husein,Flacknell,hflacknellkc@hostgator.com,130.213.63.30,Maryland,-77.2076,39.144
734,Hakim,MacCleay,hmaccleaykd@marketwatch.com,234.32.134.156,New York,-77.6843,43.286
735,Drucill,Willoughey,dwillougheyke@vistaprint.com,110.86.12.89,Indiana,-86.3029,39.7038
736,Sonnie,Caush,scaushkf@java.com,0.167.192.210,Texas,-101.876,33.6021
737,Kleon,Quinet,kquinetkg@latimes.com,97.126.163.98,New York,-73.9028,40.6407
738,Quinlan,Willers,qwillerskh@nasa.gov,242.211.175.26,Idaho,-116.244,43.4599
739,Rebekah,McShirrie,rmcshirrieki@prnewswire.com,146.118.240.120,Minnesota,-93.8881,45.2009
740,Marcille,Bool,mboolkj@dagondesign.com,167.209.221.132,Colorado,-104.4083,39.7388
741,Tammara,Custed,tcustedkk@ow.ly,208.109.144.84,North Carolina,-80.2073,36.0275
742,Sally,Spittall,sspittallkl@sfgate.com,154.43.117.84,Florida,-82.7243,27.7898
743,Sheppard,Darwood,sdarwoodkm@theatlantic.com,237.60.1.161,Illinois,-87.7135,41.7454
744,Rowan,Gergolet,rgergoletkn@umn.edu,173.213.237.131,Alaska,-149.8289,61.1535
745,Elena,Lauderdale,elauderdaleko@cbsnews.com,36.118.98.21,Florida,-82.7125,27.8402
746,Sheeree,Keightley,skeightleykp@indiegogo.com,42.17.217.247,Illinois,-89.7184,40.7442
747,Shaine,Barnewell,sbarnewellkq@about.me,207.124.113.171,New Hampshire,-71.6539,42.9521
748,Georgy,Point,gpointkr@w3.org,224.236.218.191,Nevada,-115.2828,36.1693
749,Kiri,Pashenkov,kpashenkovks@lycos.com,226.196.117.186,Ohio,-84.6108,39.1092
750,Felicia,Holtaway,fholtawaykt@uiuc.edu,223.202.79.29,Florida,-81.5856,26.0143
751,Rene,Spurdens,rspurdensku@cafepress.com,208.36.57.118,South Carolina,-79.937,32.7831
752,Gale,Staniforth,gstaniforthkv@4shared.com,143.182.218.226,Hawaii,-157.8585,21.3062
753,Griswold,Chappelle,gchappellekw@tinypic.com,47.121.99.8,Virginia,-76.0237,36.8282
754,Lizette,Vassie,lvassiekx@wikimedia.org,247.12.202.141,Florida,-82.5805,28.0081
755,Alleyn,Milesop,amilesopky@netvibes.com,49.118.22.154,Texas,-96.7776,32.7673
756,Tersina,Spehr,tspehrkz@g.co,231.211.243.242,Indiana,-86.1328,39.7795
757,Pamela,Coslitt,pcoslittl0@woothemes.com,69.185.154.64,Florida,-81.8934,26.6599
758,Tan,Widdows,twiddowsl1@dailymotion.com,183.79.148.89,Georgia,-84.3958,33.9335
759,Araldo,Crathorne,acrathornel2@va.gov,122.13.19.125,Texas,-95.447,30.0167
760,Elysha,Saunton,esauntonl3@mit.edu,5.186.235.17,California,-122.1633,37.7641
761,Jaymie,Whiteford,jwhitefordl4@symantec.com,190.88.135.196,California,-117.8264,33.6607
762,Tiphany,Yesinin,tyesininl5@aol.com,46.62.89.140,Arizona,-111.1771,32.3366
763,Dena,Souttar,dsouttarl6@chronoengine.com,126.17.174.202,California,-122.3892,37.7864
764,Cly,Mordon,cmordonl7@youku.com,106.132.63.157,California,-121.4444,38.3774
765,Alys,Forrestor,aforrestorl8@dropbox.com,9.0.10.216,New York,-73.9828,40.6669
766,Alys,Reedick,areedickl9@domainmarket.com,249.220.16.81,Florida,-80.6473,27.9694
767,Lani,Ashborne,lashbornela@jigsy.com,56.222.11.237,New York,-73.9808,40.754
768,Vanni,Fountian,vfountianlb@feedburner.com,163.105.76.239,Michigan,-84.5517,42.7286
769,Artair,Pappin,apappinlc@smh.com.au,236.114.112.60,Delaware,-75.5064,39.8188
770,Garv,Cocklin,gcocklinld@tripadvisor.com,8.194.26.132,California,-117.8403,33.7074
771,Toddy,Churches,tchurchesle@seattletimes.com,53.210.201.108,Oklahoma,-97.4913,35.4312
772,Melonie,Corran,mcorranlf@goodreads.com,105.139.107.93,South Carolina,-82.3932,34.8001
773,Lemmy,Harraway,lharrawaylg@naver.com,250.50.110.171,Texas,-98.4616,29.4375
774,Arlana,Cossem,acossemlh@ted.com,211.41.64.179,Colorado,-105.0028,39.7002
775,Marlee,Boulding,mbouldingli@livejournal.com,198.122.141.220,Indiana,-85.0707,41.0938
776,Hubert,Etienne,hetiennelj@wired.com,72.237.103.117,Florida,-81.9486,26.5529
777,Guglielma,Harnes,gharneslk@yandex.ru,7.68.115.88,Virginia,-78.4851,38.0401
778,Moishe,McMorran,mmcmorranll@ycombinator.com,207.4.118.218,Georgia,-81.0477,32.0053
779,Jo,Mouncey,jmounceylm@squarespace.com,167.231.86.85,Ohio,-81.6443,41.1002
780,Enos,Jacquemy,ejacquemyln@people.com.cn,90.107.26.77,California,-118.3022,34.0665
781,Curtice,Weekes,cweekeslo@theatlantic.com,6.26.97.222,Florida,-84.3462,30.4793
782,Griffith,Marklow,gmarklowlp@usatoday.com,81.31.141.179,California,-121.7053,37.1894
783,Catlee,Raspel,craspellq@wix.com,241.203.132.237,District of Columbia,-77.049,38.8932
784,Jill,Norval,jnorvallr@zdnet.com,44.223.148.231,Arizona,-110.824,32.2138
785,Esdras,Carlon,ecarlonls@phpbb.com,155.15.183.36,Alabama,-86.9292,33.5446
786,Abigale,Siege,asiegelt@vk.com,28.1.214.196,Texas,-106.3,31.6948
787,Price,Tofanini,ptofaninilu@smugmug.com,119.191.72.137,California,-122.067,37.6374
788,Justina,Pahler,jpahlerlv@free.fr,151.6.70.193,California,-121.9215,37.6802
789,Nollie,Figger,nfiggerlw@ox.ac.uk,14.228.59.239,Missouri,-94.5986,39.1024
790,Jeffry,Aumerle,jaumerlelx@cisco.com,26.79.214.155,Texas,-101.8951,35.4015
791,Rriocard,Bedinn,rbedinnly@npr.org,208.125.153.7,North Carolina,-80.8042,35.26
792,Cullen,Drewet,cdrewetlz@delicious.com,106.186.143.226,Maryland,-76.5921,39.439
793,Brandtr,Moyers,bmoyersm0@google.co.uk,24.181.160.43,New York,-73.8059,40.6913
794,Iggy,Kach,ikachm1@europa.eu,38.105.210.112,Ohio,-83.0114,39.969
795,Raffaello,Gaskall,rgaskallm2@virginia.edu,139.249.151.35,Maryland,-76.8958,38.9513
796,Joletta,Normant,jnormantm3@twitpic.com,109.25.60.192,Connecticut,-72.7188,41.7918
797,Madelena,Bonefant,mbonefantm4@nhs.uk,84.42.62.62,Texas,-97.2915,32.7714
798,Corbin,Castilljo,ccastilljom5@nature.com,193.56.158.219,California,-119.8025,34.4453
799,Ingamar,Sherwill,isherwillm6@toplist.cz,57.134.117.218,Massachusetts,-71.8969,42.3648
800,Mireielle,Toderini,mtoderinim7@yahoo.com,50.253.243.153,Texas,-106.5426,31.8925
801,Alix,Durman,adurmanm8@wisc.edu,68.25.136.124,Illinois,-87.6845,42.0586
802,Creighton,Brunetti,cbrunettim9@netlog.com,171.0.205.232,Texas,-95.3065,32.3475
803,Ambrose,Calvard,acalvardma@weather.com,9.84.45.206,Pennsylvania,-80.0526,40.4181
804,Dane,Clemonts,dclemontsmb@vk.com,50.178.237.61,Alabama,-85.9576,33.9352
805,Alfonso,Suller,asullermc@irs.gov,78.223.3.253,Texas,-106.3,31.6948
806,Vasily,Benitti,vbenittimd@google.it,104.185.81.10,New York,-76.1452,43.0123
807,Bendick,Moss,bmossme@vimeo.com,193.10.91.96,Washington,-117.4317,47.6536
808,Leshia,Goding,lgodingmf@berkeley.edu,216.204.170.209,Alabama,-85.7933,33.7358
809,Roth,Chesshire,rchesshiremg@mashable.com,80.58.172.24,Michigan,-84.5587,42.7325
810,Maryanna,Janus,mjanusmh@time.com,43.56.129.39,Kansas,-94.832,38.8999
811,Aube,Holhouse,aholhousemi@usnews.com,19.92.109.227,California,-118.2987,33.7866
812,Ruthi,Tregenza,rtregenzamj@symantec.com,60.163.42.12,Colorado,-104.7556,39.7783
813,Alanson,Gussin,agussinmk@timesonline.co.uk,119.179.46.96,Florida,-81.6854,30.3189
814,Erin,Zuenelli,ezuenelliml@facebook.com,16.67.193.24,Texas,-95.1464,29.6518
815,Weidar,Clunan,wclunanmm@cbslocal.com,217.153.131.203,Maryland,-76.6899,39.2856
816,Sallyanne,Benneton,sbennetonmn@phpbb.com,250.109.75.230,Mississippi,-90.3972,32.3113
817,Sophia,Helleckas,shelleckasmo@phpbb.com,143.233.32.69,Washington,-122.3308,47.6063
818,Earl,Vauls,evaulsmp@taobao.com,74.43.11.116,California,-118.4487,34.0447
819,Wat,Kaines,wkainesmq@dot.gov,141.80.153.146,Indiana,-86.1595,39.7851
820,Leona,Drugan,ldruganmr@pagesperso-orange.fr,213.5.20.242,Georgia,-84.474,33.8444
821,Rafi,Swannie,rswanniems@economist.com,134.14.213.189,Texas,-95.4958,29.7971
822,Ahmed,Duchenne,aduchennemt@photobucket.com,99.116.131.146,Alabama,-86.9292,33.5446
823,Sophi,Shere,ssheremu@intel.com,59.54.250.212,Illinois,-87.6873,41.8119
824,Angelo,Trump,atrumpmv@youku.com,62.239.73.35,New York,-73.968,40.7611
825,Art,George,ageorgemw@eepurl.com,48.133.101.180,Ohio,-84.4204,39.1802
826,Randy,Trevethan,rtrevethanmx@domainmarket.com,5.61.122.65,Oregon,-123.0438,44.8685
827,Zeke,Juszczyk,zjuszczykmy@auda.org.au,220.186.160.26,Hawaii,-157.8795,21.351
828,Luelle,Webbe,lwebbemz@mtv.com,176.138.119.208,Massachusetts,-70.9355,41.6913
829,Kara,Fittes,kfittesn0@berkeley.edu,110.34.34.144,Florida,-85.692,30.2345
830,Konstance,Pitts,kpittsn1@vkontakte.ru,0.151.91.152,California,-120.9749,37.6409
831,Ardine,Binny,abinnyn2@alibaba.com,236.216.56.28,West Virginia,-81.6123,38.3358
832,Papagena,Gordge,pgordgen3@is.gd,71.127.47.229,New York,-73.9772,40.7808
833,Lesli,Sworn,lswornn4@oaic.gov.au,99.212.33.39,Missouri,-94.3567,39.035
834,Wright,Raisher,wraishern5@drupal.org,191.165.170.234,Massachusetts,-71.071,42.2868
835,Sabine,Toby,stobyn6@liveinternet.ru,49.6.208.226,Alabama,-85.9576,33.9352
836,Rogerio,Wroe,rwroen7@craigslist.org,147.54.23.67,Pennsylvania,-80.0248,40.4344
837,Murdoch,Annott,mannottn8@jimdo.com,103.184.139.111,Texas,-98.6688,29.5054
838,Jackquelin,Keward,jkewardn9@behance.net,150.188.101.5,Connecticut,-72.9275,41.3657
839,Adrienne,Kabisch,akabischna@flickr.com,79.80.3.116,Kentucky,-85.6885,38.2222
840,Slade,Euler,seulernb@dyndns.org,229.95.173.28,West Virginia,-82.2774,38.4134
841,Deck,Ellershaw,dellershawnc@furl.net,128.98.42.92,Ohio,-81.5516,41.5008
842,Cara,Stannus,cstannusnd@cafepress.com,217.79.149.217,Florida,-82.4165,28.5642
843,Pavia,Koeppe,pkoeppene@shutterfly.com,65.133.216.184,Florida,-82.2491,27.0459
844,Theresa,Lurner,tlurnernf@sogou.com,61.163.251.244,Texas,-95.4342,29.834
845,Brunhilde,Varne,bvarneng@state.tx.us,210.38.80.73,Michigan,-86.1989,43.1791
846,Alene,Hanscome,ahanscomenh@digg.com,175.241.46.200,Florida,-81.0095,29.2219
847,Renault,Flatley,rflatleyni@chicagotribune.com,4.183.104.138,Ohio,-82.9817,40.1454
848,Jeffie,Zipsell,jzipsellnj@yellowbook.com,107.12.253.132,Kansas,-95.7697,39.0429
849,Rosy,Shapira,rshapirank@alibaba.com,210.183.191.9,Kansas,-94.7143,38.9273
850,Cully,Sandbach,csandbachnl@tiny.cc,35.165.255.48,Kansas,-95.7697,39.0429
851,Ganny,Swann,gswannnm@ihg.com,196.22.149.25,Virginia,-77.0796,38.7351
852,Thoma,Bearcock,tbearcocknn@moonfruit.com,183.55.187.113,District of Columbia,-77.0146,38.8933
853,Gill,Sidlow,gsidlowno@telegraph.co.uk,159.103.139.157,Minnesota,-93.3811,45.0632
854,Carolyn,Eisikovitsh,ceisikovitshnp@shinystat.com,193.103.97.1,California,-118.2987,33.7866
855,Farrah,Dearan,fdearannq@wikimedia.org,106.18.25.84,Texas,-106.3,31.6948
856,Arman,Vooght,avooghtnr@prweb.com,224.30.76.197,Virginia,-77.4471,37.5593
857,Clarabelle,Dunridge,cdunridgens@nydailynews.com,217.136.243.68,Indiana,-86.0836,39.8326
858,Teddy,MacKimmie,tmackimmient@mashable.com,244.68.71.35,Arizona,-112.9584,34.8185
859,Ros,Overington,roveringtonnu@hao123.com,208.48.27.30,Arizona,-112.1872,33.2765
860,Jack,Alty,jaltynv@newsvine.com,61.30.135.122,Colorado,-104.562,38.8247
861,Leonard,Hatwell,lhatwellnw@deliciousdays.com,79.17.147.244,Washington,-122.3004,47.7161
862,Ethelred,Mackstead,emacksteadnx@vimeo.com,83.231.156.97,California,-117.4867,33.9228
863,Torrance,Delacour,tdelacourny@europa.eu,3.44.227.156,Pennsylvania,-80.0649,42.1827
864,Celestyna,Cordaroy,ccordaroynz@lycos.com,7.64.239.1,Georgia,-84.2819,33.8123
865,Martica,Heavy,mheavyo0@histats.com,121.183.240.222,Texas,-98.4616,29.4375
866,Bren,Calf,bcalfo1@surveymonkey.com,229.243.60.19,California,-118.0256,33.783
867,Philly,Ludlow,pludlowo2@phpbb.com,228.189.180.80,Texas,-99.7724,32.432
868,Loreen,Glossop,lglossopo3@ihg.com,194.152.138.170,Pennsylvania,-80.0248,40.4344
869,Johann,Jefferys,jjefferyso4@admin.ch,253.48.52.150,New York,-73.9772,40.7808
870,Zsa zsa,Lamasna,zlamasnao5@moonfruit.com,72.102.171.233,Georgia,-84.0746,33.8913
871,Cornelle,Stanyer,cstanyero6@issuu.com,108.124.155.129,Utah,-111.9567,41.2553
872,Harlen,Howson,hhowsono7@boston.com,166.242.199.87,Texas,-95.401,29.7041
873,Francyne,Hundell,fhundello8@1688.com,162.3.158.159,Ohio,-81.6323,41.4335
874,Renault,Krauze,rkrauzeo9@usa.gov,233.92.128.53,Indiana,-86.1606,39.7673
875,Hilda,Overthrow,hoverthrowoa@webnode.com,107.232.191.16,Missouri,-94.5467,39.0351
876,Bonita,Imlach,bimlachob@odnoklassniki.ru,249.38.154.150,Florida,-80.2069,26.1443
877,Powell,Denyagin,pdenyaginoc@unesco.org,28.8.123.163,Pennsylvania,-75.1179,40.0018
878,Nils,Atter,natterod@indiegogo.com,86.4.39.193,New Mexico,-105.9818,35.5212
879,Kahaleel,Lorman,klormanoe@mozilla.com,253.46.222.123,Texas,-96.974,32.8479
880,Oralia,Babinski,obabinskiof@chicagotribune.com,248.33.217.107,New York,-77.6843,43.286
881,Kimmi,Odo,kodoog@walmart.com,140.165.6.57,North Carolina,-80.0244,36.0807
882,Ilaire,Mewrcik,imewrcikoh@123-reg.co.uk,155.140.145.91,Colorado,-104.9876,39.7439
883,Vernice,Gilhouley,vgilhouleyoi@feedburner.com,76.48.144.121,Florida,-82.7119,27.6705
884,Inesita,Fennell,ifennelloj@edublogs.org,132.186.146.137,Indiana,-85.0707,41.0938
885,Myrle,Gaenor,mgaenorok@geocities.jp,235.189.48.186,Michigan,-83.1789,42.5991
886,Avery,Semrad,asemradol@nyu.edu,23.193.85.70,Texas,-101.8165,35.1885
887,Nero,Butterworth,nbutterworthom@tripadvisor.com,110.152.28.195,Arkansas,-92.2847,34.8272
888,Freddi,Fyrth,ffyrthon@rambler.ru,195.224.81.33,California,-122.4754,37.7211
889,Birgitta,Twigge,btwiggeoo@eventbrite.com,248.89.209.114,Florida,-82.4388,27.872
890,Westley,Shedd,wsheddop@thetimes.co.uk,103.102.215.123,Tennessee,-90.0732,35.0425
891,Belva,Clemmensen,bclemmensenoq@phpbb.com,65.187.45.151,Ohio,-80.8441,41.2405
892,Larina,Batchelour,lbatchelouror@narod.ru,193.67.151.42,District of Columbia,-77.0146,38.8933
893,Jamesy,Boyles,jboylesos@gnu.org,109.112.2.225,Indiana,-86.0005,39.7265
894,Junia,Bloschke,jbloschkeot@de.vu,187.47.187.149,Ohio,-83.078,39.9523
895,Herman,Chantree,hchantreeou@yellowpages.com,99.244.161.51,New York,-76.1282,43.0354
896,Jacynth,Godball,jgodballov@merriam-webster.com,62.168.202.19,California,-119.6397,36.7464
897,Dani,Torbett,dtorbettow@ebay.com,50.242.172.129,Florida,-81.692,30.3584
898,Maria,Padgett,mpadgettox@dailymail.co.uk,179.12.176.133,California,-116.846,33.0169
899,Aila,Bourgaize,abourgaizeoy@yahoo.co.jp,186.186.52.63,Nebraska,-96.1188,41.2335
900,Jeramey,Cram,jcramoz@example.com,123.234.37.8,Texas,-97.7472,30.1876
901,Dody,Crankshaw,dcrankshawp0@europa.eu,192.150.238.34,California,-122.7278,37.7848
902,Ilse,Frake,ifrakep1@mysql.com,217.110.85.222,North Carolina,-78.6008,35.7667
903,Alwin,Soppeth,asoppethp2@arstechnica.com,216.33.137.46,Tennessee,-89.9715,35.2017
904,Artemus,Uttridge,auttridgep3@fc2.com,39.135.56.174,Texas,-97.2915,32.7714
905,Alaine,Marcroft,amarcroftp4@w3.org,165.250.202.163,Ohio,-84.5382,39.1668
906,Ronnie,Elvy,relvyp5@exblog.jp,49.106.134.155,Colorado,-104.562,38.8247
907,Anneliese,Cappell,acappellp6@odnoklassniki.ru,223.210.102.167,Utah,-111.6627,40.7286
908,Viva,Gilffilland,vgilffillandp7@pinterest.com,43.172.151.185,Idaho,-115.9711,43.5345
909,Murielle,Aarons,maaronsp8@sun.com,96.214.241.75,California,-118.2987,33.7866
910,Gianna,Kleinmintz,gkleinmintzp9@psu.edu,26.193.224.3,Wisconsin,-87.9353,43.0528
911,Teodorico,Skottle,tskottlepa@hud.gov,195.12.64.190,Texas,-106.2879,31.7444
912,Lucias,Livingston,llivingstonpb@hatena.ne.jp,248.173.66.66,Oregon,-123.0998,44.0185
913,Chucho,Limming,climmingpc@weather.com,238.235.12.243,Nevada,-119.8591,39.4814
914,Sinclare,Sentinella,ssentinellapd@squidoo.com,17.133.20.217,Michigan,-83.8366,42.2535
915,Zorah,Sergeaunt,zsergeauntpe@youtu.be,152.38.216.174,Texas,-96.7774,32.6722
916,Martie,Hessel,mhesselpf@phpbb.com,141.4.23.81,Texas,-95.4342,29.834
917,Harlene,Vasler,hvaslerpg@purevolume.com,117.170.211.128,Minnesota,-93.8881,45.2009
918,Jamima,Brownsword,jbrownswordph@whitehouse.gov,64.76.101.107,Washington,-122.2848,47.8599
919,Johnette,Caesar,jcaesarpi@alexa.com,173.39.3.216,California,-118.2559,34.0515
920,Rodge,D'Antoni,rdantonipj@wordpress.com,50.2.38.92,Texas,-97.2915,32.7714
921,Magdalena,Clampe,mclampepk@eventbrite.com,116.19.80.244,Washington,-122.7794,47.1126
922,Orran,Brightwell,obrightwellpl@com.com,4.70.64.214,California,-116.9852,32.6513
923,Isa,Dabrowski,idabrowskipm@chicagotribune.com,5.180.217.151,California,-116.0556,33.7529
924,Pierrette,Dalgarnocht,pdalgarnochtpn@ifeng.com,38.217.106.249,Kentucky,-85.6768,38.189
925,Robinette,Michelle,rmichellepo@tuttocitta.it,139.55.59.34,California,-122.4892,37.7786
926,Aretha,McGrudder,amcgrudderpp@psu.edu,252.14.207.228,New Mexico,-106.7863,32.3052
927,Yovonnda,Scrymgeour,yscrymgeourpq@nytimes.com,126.226.184.14,California,-118.2987,33.7866
928,Heidie,Canham,hcanhampr@apple.com,112.134.139.211,Texas,-97.4632,27.777
929,Curcio,Sessuns,csessunsps@symantec.com,246.182.70.36,Pennsylvania,-75.0244,40.0422
930,Burton,Hubbart,bhubbartpt@japanpost.jp,53.137.79.44,California,-118.348,34.1869
931,Elbertina,Tapin,etapinpu@issuu.com,250.111.200.246,Illinois,-88.1208,41.9166
932,Vaughn,MacRirie,vmacririepv@sphinn.com,68.171.201.1,Illinois,-87.7603,41.9699
933,Erinna,Benesevich,ebenesevichpw@com.com,98.160.136.236,Florida,-80.441,25.6615
934,Collin,Kliemchen,ckliemchenpx@networksolutions.com,172.65.89.166,Florida,-80.4068,25.7341
935,Alix,Boddy,aboddypy@dot.gov,116.159.48.38,Indiana,-86.0136,39.8647
936,Jasmina,Squibbes,jsquibbespz@sohu.com,98.115.192.218,Maryland,-76.6336,39.3316
937,Godfrey,Lewin,glewinq0@arizona.edu,153.111.41.87,South Carolina,-80.9708,34.006
938,Kerri,Westraw,kwestrawq1@instagram.com,219.78.114.239,North Carolina,-82.5286,35.6203
939,Ulla,Rathmell,urathmellq2@meetup.com,53.220.243.82,Missouri,-94.4923,39.1042
940,Callean,Dallon,cdallonq3@technorati.com,83.251.187.153,New York,-73.9772,40.7808
941,Corine,Rudolf,crudolfq4@prweb.com,235.242.142.123,District of Columbia,-77.0146,38.8933
942,Amargo,Barr,abarrq5@feedburner.com,120.187.167.109,Alaska,-149.8289,61.1535
943,Goldie,Hamper,ghamperq6@51.la,51.129.213.176,Washington,-122.4822,47.2061
944,Ginelle,McIlhatton,gmcilhattonq7@cloudflare.com,215.201.77.38,Kansas,-95.7697,39.0429
945,Doe,Bridgett,dbridgettq8@senate.gov,37.148.184.149,Oklahoma,-95.9605,36.3024
946,Georgeta,Davydychev,gdavydychevq9@psu.edu,197.40.134.252,Ohio,-84.229,39.7395
947,Jon,Malling,jmallingqa@aboutads.info,17.53.204.134,Florida,-82.4079,28.06
948,Jolyn,Rodgier,jrodgierqb@macromedia.com,58.196.102.4,Texas,-101.8951,35.4015
949,Trescha,Nathon,tnathonqc@discuz.net,5.203.16.148,California,-116.0556,33.7529
950,Eloise,Yegorov,eyegorovqd@blogs.com,83.30.239.41,New York,-73.9708,42.6149
951,Antonina,Wichard,awichardqe@wix.com,92.185.33.117,Texas,-95.447,30.0167
952,Clary,Glyn,cglynqf@yandex.ru,131.230.81.129,Minnesota,-93.4719,45.0159
953,Cristal,Linwood,clinwoodqg@lulu.com,138.221.106.90,Arizona,-112.0265,33.4061
954,Jeralee,Carpmile,jcarpmileqh@wufoo.com,201.91.50.117,North Carolina,-80.2073,36.0275
955,Rochelle,Pury,rpuryqi@twitter.com,102.255.45.73,Oklahoma,-97.4075,35.5514
956,Shirline,Jeyes,sjeyesqj@ifeng.com,70.139.37.149,Georgia,-83.565,32.8118
957,Sollie,Summons,ssummonsqk@cam.ac.uk,176.165.222.113,Louisiana,-91.1481,30.486
958,Thea,Iacovone,tiacovoneql@blogtalkradio.com,219.116.203.141,Washington,-122.3004,47.7161
959,Phil,Hambatch,phambatchqm@ow.ly,67.161.74.243,Texas,-95.4342,29.834
960,Karalee,Gollard,kgollardqn@last.fm,74.202.93.100,Missouri,-94.3567,39.035
961,Sophi,Kearns,skearnsqo@illinois.edu,33.245.94.35,Alabama,-86.9292,33.5446
962,Mahmud,Schulkins,mschulkinsqp@cdbaby.com,143.17.102.84,California,-121.7053,37.1894
963,Wallie,Connal,wconnalqq@wisc.edu,170.179.88.51,New York,-78.8182,42.8441
964,Cairistiona,Stuchbery,cstuchberyqr@economist.com,122.135.23.183,Texas,-96.7776,32.7673
965,Gun,Guesford,gguesfordqs@smh.com.au,15.35.224.24,Washington,-117.4317,47.6536
966,Nathaniel,Regina,nreginaqt@amazonaws.com,243.119.115.155,Texas,-106.3,31.6948
967,Drusi,Androli,dandroliqu@vk.com,33.42.39.8,Georgia,-81.0716,31.9714
968,Lona,Buy,lbuyqv@geocities.jp,75.46.182.150,Texas,-96.7955,32.7086
969,Marty,Safell,msafellqw@cargocollective.com,160.201.177.23,Georgia,-84.1532,34.0047
970,Nicola,Cusiter,ncusiterqx@etsy.com,243.47.52.117,Connecticut,-72.6933,41.7665
971,Matteo,Safont,msafontqy@stanford.edu,115.24.137.184,California,-119.6397,36.7464
972,Trudy,Tosspell,ttosspellqz@netscape.com,174.6.125.160,Kentucky,-84.4715,38.0283
973,Cherise,Fulker,cfulkerr0@un.org,38.238.162.66,Massachusetts,-71.254,42.3319
974,Hamish,Lamb,hlambr1@chronoengine.com,90.186.133.159,New Mexico,-106.6729,35.0443
975,Sinclare,Furzey,sfurzeyr2@angelfire.com,118.77.219.123,Florida,-81.6736,27.981
976,Haskell,Lidgley,hlidgleyr3@51.la,254.175.121.210,Ohio,-83.4394,41.6868
977,Lorrayne,Grieves,lgrievesr4@slideshare.net,53.4.87.217,Florida,-81.4026,28.4429
978,Frankie,Dauncey,fdaunceyr5@ow.ly,149.21.39.194,Pennsylvania,-80.0649,42.1827
979,Baron,Woolard,bwoolardr6@sohu.com,55.187.112.30,Florida,-82.4388,27.872
980,Koo,McKeggie,kmckeggier7@intel.com,70.98.216.195,District of Columbia,-77.0146,38.8933
981,Erskine,Fardo,efardor8@blog.com,243.205.219.77,Nebraska,-96.7943,40.8529
982,Annabell,Attard,aattardr9@amazonaws.com,66.132.114.191,Virginia,-76.5248,37.1959
983,Kay,Meecher,kmeecherra@zdnet.com,115.103.80.84,Pennsylvania,-80.0248,40.4344
984,Armstrong,Gulliver,agulliverrb@tiny.cc,124.131.122.188,New York,-73.8708,40.6514
985,Karylin,Fever,kfeverrc@mapquest.com,232.175.131.54,New York,-73.7966,40.6763
986,Stillman,Vella,svellard@wiley.com,246.217.121.161,Virginia,-76.2397,36.9312
987,Corette,Tomson,ctomsonre@cocolog-nifty.com,234.214.85.209,Tennessee,-85.1757,35.0942
988,Bennie,Estcot,bestcotrf@csmonitor.com,223.124.217.190,Alabama,-86.5229,34.734
989,Erek,Nickoles,enickolesrg@i2i.jp,130.213.125.40,New York,-73.733,41.119
990,Isadora,MacPadene,imacpadenerh@drupal.org,10.153.152.117,Texas,-96.7776,32.7673
991,Ansell,David,adavidri@mtv.com,67.222.250.131,Pennsylvania,-75.8801,41.2722
992,Irwinn,Vise,iviserj@umich.edu,64.232.63.220,Arizona,-111.8907,31.9701
993,Mommy,Rue,mruerk@digg.com,222.176.248.81,Ohio,-80.6931,41.0704
994,Andromache,Greensides,agreensidesrl@weebly.com,136.126.134.147,Nebraska,-96.6888,40.7845
995,Deeyn,Venard,dvenardrm@reuters.com,167.95.84.213,Massachusetts,-70.9196,42.3389
996,Suzanna,Tyt,stytrn@mac.com,172.172.172.39,Maryland,-77.1153,38.9585
997,Nata,Hugnot,nhugnotro@youtube.com,154.75.33.179,Texas,-95.5278,29.8744
998,Mart,Shernock,mshernockrp@ucsd.edu,107.5.245.177,California,-122.2337,37.799
999,Dene,Sloey,dsloeyrq@e-recht24.de,103.80.52.98,Texas,-98.4616,29.4375
1000,Ker,Filyaev,kfilyaevrr@infoseek.co.jp,199.36.72.235,Indiana,-86.8602,40.4001
